article_id,n_chunks,mean_p_ai,median_p_ai,max_p_ai,share_ai_like,mean_words,mean_words_per_sentence
article_0169,7,1.0,1.0,1.0,1.0,76.42857142857143,19.107142857142858
article_0223,3,1.0,1.0,1.0,1.0,76.0,19.0
article_0276,7,1.0,1.0,1.0,1.0,65.0,16.25
article_0277,7,1.0,1.0,1.0,1.0,84.42857142857143,21.107142857142858
article_0282,6,1.0,1.0,1.0,1.0,88.16666666666667,22.041666666666668
article_0317,7,1.0,1.0,1.0,1.0,79.85714285714286,20.821428571428573
article_0357,5,1.0,1.0,1.0,1.0,80.6,20.15
article_0508,7,1.0,1.0,1.0,1.0,79.28571428571429,19.821428571428573
article_0690,6,1.0,1.0,1.0,1.0,90.5,23.555555555555557
article_0705,8,1.0,1.0,1.0,1.0,118.625,30.677083333333332
article_0768,5,1.0,1.0,1.0,1.0,102.6,25.65
article_0987,8,1.0,1.0,1.0,1.0,48.375,12.09375
article_0995,6,1.0,1.0,1.0,1.0,72.0,18.0
article_1025,3,1.0,1.0,1.0,1.0,90.66666666666667,22.666666666666668
article_1071,5,1.0,1.0,1.0,1.0,82.2,20.55
article_1084,5,1.0,1.0,1.0,1.0,91.8,22.95
article_1095,6,1.0,1.0,1.0,1.0,74.83333333333333,18.708333333333332
article_1096,3,1.0,1.0,1.0,1.0,90.33333333333333,22.583333333333332
article_1097,4,1.0,1.0,1.0,1.0,93.75,23.4375
article_1111,4,1.0,1.0,1.0,1.0,74.75,18.6875
article_1174,9,1.0,1.0,1.0,1.0,55.22222222222222,13.805555555555555
article_1195,5,1.0,1.0,1.0,1.0,74.2,19.483333333333334
article_1198,6,1.0,1.0,1.0,1.0,94.33333333333333,23.583333333333332
article_1208,7,1.0,1.0,1.0,1.0,83.71428571428571,20.928571428571427
article_1216,6,1.0,1.0,1.0,1.0,72.83333333333333,18.208333333333332
article_1228,6,1.0,1.0,1.0,1.0,77.33333333333333,19.333333333333332
article_1237,4,1.0,1.0,1.0,1.0,74.75,18.6875
article_1357,11,1.0,1.0,1.0,1.0,100.54545454545455,25.136363636363637
article_1364,5,1.0,1.0,1.0,1.0,105.6,26.4
article_1440,9,1.0,1.0,1.0,1.0,54.666666666666664,14.175925925925926
article_1459,6,1.0,1.0,1.0,1.0,92.16666666666667,23.041666666666668
article_0490,8,0.99999994,1.0,1.0,1.0,54.0,13.5
article_0135,5,0.9999999,1.0,1.0,1.0,84.4,21.1
article_0674,9,0.9999999,1.0,1.0,1.0,51.333333333333336,12.833333333333334
article_1035,10,0.9999999,1.0,1.0,1.0,77.4,20.125
article_1366,9,0.9999999,1.0,1.0,1.0,87.77777777777777,21.944444444444443
article_1446,5,0.9999999,1.0,1.0,1.0,94.4,23.6
article_0994,6,0.9999998,1.0,1.0,1.0,73.16666666666667,18.291666666666668
article_0174,3,0.99999976,1.0,1.0,1.0,87.33333333333333,21.833333333333332
article_1226,6,0.9999997,1.0,1.0,1.0,83.33333333333333,20.833333333333332
article_0007,10,0.99999964,1.0,1.0,1.0,58.4,14.6
article_0385,11,0.9999996,1.0,1.0,1.0,65.54545454545455,16.386363636363637
article_0204,7,0.99999934,1.0,1.0,1.0,78.85714285714286,19.714285714285715
article_1439,6,0.99999934,1.0,1.0,1.0,78.0,19.5
article_1620,5,0.99999934,1.0,1.0,1.0,91.4,22.85
article_0271,14,0.9999992,1.0,1.0,1.0,70.92857142857143,17.732142857142858
article_1110,9,0.99999917,0.9999995,1.0,1.0,61.333333333333336,15.333333333333334
article_0992,11,0.99999905,1.0,1.0,1.0,59.45454545454545,15.356060606060606
article_1604,7,0.99999875,1.0,1.0,1.0,82.85714285714286,20.714285714285715
article_1091,5,0.99999857,1.0,1.0,1.0,83.4,20.85
article_1203,8,0.99999833,1.0,1.0,1.0,68.625,17.15625
article_1083,11,0.9999983,1.0,1.0,1.0,74.81818181818181,18.704545454545453
article_0289,7,0.9999982,1.0,1.0,1.0,53.142857142857146,13.285714285714286
article_1478,5,0.9999979,1.0,1.0,1.0,88.8,22.2
article_1136,6,0.9999977,1.0,1.0,1.0,75.83333333333333,18.958333333333332
article_0872,4,0.9999975,1.0,1.0,1.0,76.75,19.1875
article_1369,7,0.9999967,1.0,1.0,1.0,82.57142857142857,20.642857142857142
article_1457,7,0.9999962,1.0,1.0,1.0,74.28571428571429,18.571428571428573
article_0152,7,0.99999577,1.0,1.0,1.0,80.28571428571429,20.071428571428573
article_1505,9,0.9999955,1.0,1.0,1.0,67.66666666666667,16.916666666666668
article_1462,7,0.9999934,1.0,1.0,1.0,76.28571428571429,19.071428571428573
article_1422,5,0.9999933,0.9999997,1.0,1.0,94.6,23.65
article_0192,8,0.9999924,1.0,1.0,1.0,89.75,22.4375
article_0259,11,0.99999213,1.0,1.0,1.0,91.18181818181819,23.386363636363637
article_0318,6,0.99998665,1.0,1.0,1.0,80.83333333333333,20.208333333333332
article_1348,6,0.99998385,1.0,1.0,1.0,84.66666666666667,21.166666666666668
article_1189,7,0.99998194,1.0,1.0,1.0,66.0,16.5
article_1199,10,0.9999808,1.0,1.0,1.0,68.8,17.2
article_0790,14,0.99998033,0.9999987,1.0,1.0,94.14285714285714,23.535714285714285
article_0486,6,0.99998015,0.9999998,1.0,1.0,86.5,21.625
article_1310,6,0.9999798,1.0,1.0,1.0,92.16666666666667,23.041666666666668
article_0012,11,0.99997765,1.0,1.0,1.0,54.72727272727273,13.681818181818182
article_1443,7,0.9999774,1.0,1.0,1.0,71.85714285714286,17.964285714285715
article_0132,4,0.99997103,1.0,1.0,1.0,98.0,25.895833333333332
article_0640,5,0.9999668,1.0,1.0,1.0,70.0,18.6
article_0677,7,0.999965,1.0,1.0,1.0,63.285714285714285,15.821428571428571
article_0136,6,0.99996424,1.0,1.0,1.0,58.666666666666664,14.666666666666666
article_1476,7,0.9999627,1.0,1.0,1.0,67.57142857142857,16.892857142857142
article_1370,6,0.99996203,1.0,1.0,1.0,94.33333333333333,23.583333333333332
article_1021,10,0.9999547,1.0,1.0,1.0,48.7,12.175
article_1078,7,0.9999544,1.0,1.0,1.0,73.0,18.25
article_1608,11,0.9999476,1.0,1.0,1.0,58.81818181818182,14.704545454545455
article_0307,6,0.9999468,1.0,1.0,1.0,65.66666666666667,16.416666666666668
article_1516,11,0.99994487,1.0,1.0,1.0,77.27272727272727,19.318181818181817
article_1200,7,0.99992627,1.0,1.0,1.0,79.0,19.75
article_1183,9,0.99992234,1.0,1.0,1.0,83.77777777777777,20.944444444444443
article_0563,7,0.99990803,1.0,1.0,1.0,81.57142857142857,20.392857142857142
article_0801,7,0.99989974,1.0,1.0,1.0,56.857142857142854,14.214285714285714
article_0182,8,0.99989754,1.0,1.0,1.0,86.75,21.6875
article_0163,9,0.9998748,1.0,1.0,1.0,69.33333333333333,17.907407407407405
article_0559,11,0.9998693,1.0,1.0,1.0,73.0,18.681818181818183
article_1412,7,0.9998669,1.0,1.0,1.0,72.0,18.0
article_0484,5,0.99985486,1.0,1.0,1.0,93.0,23.25
article_1133,8,0.9998454,1.0,1.0,1.0,75.25,19.302083333333332
article_0778,14,0.9998363,1.0,1.0,1.0,81.5,20.375
article_0122,9,0.9998136,0.99999994,1.0,1.0,75.55555555555556,18.88888888888889
article_1583,9,0.9998031,1.0,1.0,1.0,81.33333333333333,20.333333333333332
article_0749,6,0.99979573,1.0,1.0,1.0,74.83333333333333,19.569444444444446
article_1345,9,0.99979424,1.0,1.0,1.0,70.11111111111111,17.52777777777778
article_0567,13,0.99979204,1.0,1.0,1.0,67.46153846153847,16.865384615384617
article_0164,10,0.99978745,1.0,1.0,1.0,70.7,18.075
article_0140,9,0.9997745,1.0,1.0,1.0,62.111111111111114,15.527777777777779
article_0701,11,0.9997646,1.0,1.0,1.0,73.72727272727273,18.431818181818183
article_0999,5,0.99975336,0.99999356,1.0,1.0,89.0,22.25
article_1202,7,0.9997293,1.0,1.0,1.0,77.28571428571429,19.321428571428573
article_1003,5,0.9997276,1.0,1.0,1.0,92.8,23.2
article_1332,7,0.9997115,0.99999994,1.0,1.0,107.42857142857143,26.857142857142858
article_0919,8,0.99969023,1.0,1.0,1.0,76.75,19.1875
article_0219,9,0.9996816,1.0,1.0,1.0,61.0,15.25
article_1012,12,0.9996502,1.0,1.0,1.0,73.83333333333333,18.875
article_0226,7,0.9996409,0.99999917,1.0,1.0,79.71428571428571,19.928571428571427
article_0419,14,0.9996311,1.0,1.0,1.0,67.71428571428571,17.404761904761905
article_1569,5,0.99962366,0.99970347,1.0,1.0,92.4,23.1
article_1603,5,0.9996187,0.99998736,1.0,1.0,75.4,20.033333333333335
article_1382,7,0.99960846,1.0,1.0,1.0,75.0,19.357142857142858
article_1392,7,0.9995385,1.0,1.0,1.0,81.85714285714286,20.464285714285715
article_1449,8,0.9995362,1.0,1.0,1.0,64.75,16.1875
article_0591,5,0.999512,0.9999992,1.0,1.0,65.2,16.3
article_0579,8,0.9995053,0.9999915,1.0,1.0,71.625,18.5
article_0528,42,0.99948573,1.0,1.0,1.0,85.64285714285714,21.410714285714285
article_0025,11,0.9994793,0.99999994,1.0,1.0,60.90909090909091,15.227272727272727
article_0670,8,0.9994744,1.0,1.0,1.0,79.625,20.625
article_0665,8,0.9994743,1.0,1.0,1.0,65.0,16.25
article_0980,13,0.9994658,1.0,1.0,1.0,74.38461538461539,18.596153846153847
article_1224,6,0.99943256,0.9999999,1.0,1.0,70.66666666666667,17.666666666666668
article_1321,8,0.9994322,0.9999994,1.0,1.0,88.25,22.0625
article_0322,9,0.99940574,1.0,1.0,1.0,81.44444444444444,20.36111111111111
article_0233,8,0.99938405,1.0,1.0,1.0,83.875,20.96875
article_0378,13,0.99937665,1.0,1.0,1.0,68.23076923076923,17.346153846153847
article_1614,5,0.99927884,1.0,1.0,1.0,88.6,22.15
article_1361,6,0.99921924,1.0,1.0,1.0,97.83333333333333,24.458333333333332
article_0666,10,0.9990207,1.0,1.0,1.0,62.9,15.725
article_0021,11,0.99882025,1.0,1.0,1.0,70.54545454545455,18.083333333333332
article_1588,9,0.99867165,1.0,1.0,1.0,63.44444444444444,15.86111111111111
article_1458,8,0.99857754,1.0,1.0,1.0,72.625,18.15625
article_1109,6,0.9982622,1.0,1.0,1.0,81.33333333333333,20.333333333333332
article_1229,8,0.99822,1.0,1.0,1.0,68.125,17.03125
article_0155,9,0.99805695,1.0,1.0,1.0,69.22222222222223,17.305555555555557
article_0193,6,0.9979847,1.0,1.0,1.0,105.33333333333333,26.333333333333332
article_0485,4,0.997813,1.0,1.0,1.0,92.75,23.1875
article_1217,11,0.99774843,1.0,1.0,1.0,70.18181818181819,17.545454545454547
article_0423,12,0.9976564,1.0,1.0,1.0,74.5,18.625
article_1069,13,0.9976222,0.9999791,1.0,1.0,87.53846153846153,21.884615384615383
article_1087,9,0.9975022,1.0,1.0,1.0,70.66666666666667,17.666666666666668
article_1610,8,0.9974501,1.0,1.0,1.0,71.75,17.9375
article_1327,7,0.9973526,1.0,1.0,1.0,70.28571428571429,18.416666666666664
article_0057,10,0.99731,1.0,1.0,1.0,74.2,18.55
article_1432,5,0.997293,1.0,1.0,1.0,73.2,18.3
article_1593,9,0.9972724,1.0,1.0,1.0,86.33333333333333,21.583333333333332
article_0781,10,0.9971256,0.999994,1.0,1.0,97.6,24.4
article_1142,8,0.9970814,1.0,1.0,1.0,58.625,14.65625
article_0431,7,0.99706995,1.0,1.0,1.0,77.14285714285714,19.285714285714285
article_0104,8,0.9970474,1.0,1.0,1.0,71.5,17.875
article_0381,18,0.9969139,0.99999994,1.0,1.0,88.27777777777777,22.069444444444443
article_0956,10,0.996877,0.9999849,1.0,1.0,77.6,19.4
article_0732,12,0.9968079,1.0,1.0,1.0,66.66666666666667,16.666666666666668
article_1442,7,0.99675816,0.99999994,1.0,1.0,67.71428571428571,16.928571428571427
article_0912,8,0.9966674,1.0,1.0,1.0,72.125,18.03125
article_1312,7,0.9966324,1.0,1.0,1.0,70.85714285714286,17.714285714285715
article_0649,9,0.99647737,0.99999994,1.0,1.0,76.66666666666667,19.89814814814815
article_0037,7,0.9964167,1.0,1.0,1.0,71.14285714285714,17.785714285714285
article_0715,11,0.9964123,0.9999998,1.0,1.0,60.0,15.537878787878787
article_0880,11,0.9963049,1.0,1.0,1.0,75.63636363636364,19.636363636363637
article_0319,14,0.9961626,0.9999988,1.0,1.0,59.57142857142857,14.892857142857142
article_1114,7,0.9961563,1.0,1.0,1.0,61.285714285714285,15.904761904761903
article_0230,7,0.9961329,0.99997336,1.0,1.0,73.42857142857143,18.357142857142858
article_1374,16,0.99571294,1.0,1.0,1.0,55.5,14.203125
article_1309,7,0.9956351,1.0,1.0,1.0,82.0,20.5
article_1235,5,0.99550974,1.0,1.0,1.0,87.4,21.85
article_0717,10,0.99544334,1.0,1.0,1.0,59.7,14.925
article_0652,12,0.99525636,0.9999742,1.0,1.0,55.416666666666664,14.527777777777779
article_0400,7,0.9952169,1.0,1.0,1.0,66.0,16.5
article_0382,14,0.9951851,1.0,1.0,1.0,82.85714285714286,21.214285714285715
article_0197,10,0.9949911,1.0,1.0,1.0,94.4,23.6
article_0831,8,0.9947472,1.0,1.0,1.0,70.875,18.364583333333332
article_0524,10,0.9946253,0.9999802,1.0,1.0,61.3,15.325
article_0011,8,0.99422467,1.0,1.0,1.0,80.0,20.0
article_0876,7,0.99414295,0.9999972,1.0,1.0,80.14285714285714,20.035714285714285
article_1602,6,0.99395084,1.0,1.0,1.0,88.16666666666667,22.041666666666668
article_0862,6,0.99342376,1.0,1.0,1.0,79.83333333333333,19.958333333333332
article_1335,7,0.9932666,0.9981063,1.0,1.0,87.85714285714286,21.964285714285715
article_0042,20,0.99296933,0.99998033,1.0,1.0,64.3,16.15
article_0044,11,0.99291956,0.99999833,1.0,1.0,64.18181818181819,16.045454545454547
article_0420,8,0.99277794,1.0,1.0,1.0,78.75,20.322916666666668
article_1185,10,0.99246275,1.0,1.0,1.0,63.1,15.775
article_0162,12,0.9922022,0.9992589,1.0,1.0,60.833333333333336,15.5
article_0788,13,0.9918075,1.0,1.0,1.0,64.0,16.0
article_0703,5,0.99172115,1.0,1.0,1.0,85.2,21.3
article_1010,11,0.991345,1.0,1.0,1.0,65.81818181818181,16.931818181818183
article_0478,10,0.9909989,1.0,1.0,1.0,70.8,17.7
article_1367,6,0.99047536,0.99648976,1.0,1.0,75.33333333333333,18.833333333333332
article_1338,8,0.9903064,1.0,1.0,1.0,71.75,17.9375
article_0047,6,0.9896922,0.9995558,1.0,1.0,75.66666666666667,18.916666666666668
article_1430,6,0.98961973,1.0,1.0,1.0,77.83333333333333,19.458333333333332
article_0574,13,0.9892774,1.0,1.0,1.0,61.15384615384615,15.333333333333334
article_0569,6,0.9891669,0.99999124,1.0,1.0,70.16666666666667,17.541666666666668
article_0008,12,0.98842543,1.0,1.0,1.0,55.25,14.166666666666666
article_1171,9,0.9880278,1.0,1.0,1.0,70.33333333333333,17.583333333333332
article_0175,10,0.9876078,1.0,1.0,1.0,66.9,16.725
article_0834,9,0.9870112,1.0,1.0,1.0,57.333333333333336,14.333333333333334
article_0168,12,0.9867527,0.9999976,1.0,1.0,71.41666666666667,17.854166666666668
article_0726,9,0.9861272,0.99973315,1.0,1.0,84.88888888888889,21.22222222222222
article_0525,11,0.9858742,0.99999994,1.0,1.0,79.0909090909091,19.772727272727273
article_0967,6,0.9858591,0.999905,1.0,1.0,77.83333333333333,19.458333333333332
article_0269,10,0.98569167,1.0,1.0,1.0,69.6,17.4
article_0883,24,0.98540884,0.9999763,1.0,1.0,78.95833333333333,19.739583333333332
article_0157,5,0.9850664,0.99978596,1.0,1.0,68.2,17.05
article_1486,6,0.98499745,1.0,1.0,1.0,106.33333333333333,26.583333333333332
article_0202,10,0.9846112,0.99975526,1.0,1.0,70.5,17.625
article_0019,11,0.98419476,1.0,1.0,1.0,66.63636363636364,17.053030303030305
article_1170,19,0.98404896,0.99999964,1.0,0.9473684210526315,74.73684210526316,18.68421052631579
article_0607,24,0.98395187,0.9999998,1.0,0.9583333333333334,68.875,17.34027777777778
article_1559,13,0.9837865,0.9999861,1.0,1.0,74.92307692307692,18.73076923076923
article_1314,8,0.98317254,1.0,1.0,1.0,70.75,17.6875
article_0247,9,0.98216754,1.0,1.0,1.0,54.333333333333336,14.083333333333334
article_1143,11,0.98191893,0.9999989,1.0,1.0,40.0,10.0
article_1220,12,0.9806953,1.0,1.0,0.9166666666666666,62.666666666666664,15.666666666666666
article_1157,10,0.98002607,1.0,1.0,1.0,68.2,17.658333333333335
article_0575,2,0.9795149,0.9795149,0.9999765,1.0,61.0,15.25
article_1135,8,0.97929215,1.0,1.0,1.0,84.25,21.0625
article_0784,10,0.9788111,1.0,1.0,0.9,78.9,19.725
article_1317,8,0.97841954,0.9999541,1.0,1.0,64.5,16.125
article_1102,8,0.9776593,0.99922377,1.0,1.0,77.875,19.46875
article_1194,7,0.97755235,1.0,1.0,1.0,93.0,23.25
article_1206,7,0.9766059,1.0,1.0,1.0,81.0,20.25
article_0868,14,0.97649574,1.0,1.0,0.9285714285714286,76.57142857142857,19.142857142857142
article_1377,7,0.97636276,0.9990732,1.0,1.0,65.0,16.25
article_0384,14,0.9762272,0.99995613,1.0,0.9285714285714286,66.35714285714286,16.589285714285715
article_0068,8,0.9761771,0.99987376,1.0,1.0,69.25,17.3125
article_0268,8,0.9754132,0.99999976,1.0,1.0,76.75,19.791666666666668
article_1344,11,0.97494525,1.0,1.0,1.0,74.0,18.5
article_0495,8,0.974859,1.0,1.0,0.875,65.625,17.208333333333332
article_0882,9,0.97428584,0.9999932,1.0,1.0,73.44444444444444,18.36111111111111
article_0785,10,0.97413623,0.99999857,1.0,0.9,79.9,19.975
article_0777,10,0.97383374,0.99999034,1.0,0.9,74.2,19.116666666666667
article_1101,8,0.9737243,0.999999,1.0,1.0,76.5,19.125
article_1115,17,0.9730358,1.0,1.0,0.9411764705882353,53.1764705882353,13.294117647058824
article_0239,10,0.9725245,1.0,1.0,1.0,54.9,13.725
article_0078,9,0.97250354,0.99999994,1.0,0.8888888888888888,94.77777777777777,23.694444444444443
article_0065,30,0.97249764,0.99984086,1.0,0.9666666666666667,59.2,14.822222222222223
article_0387,47,0.97091883,0.99999917,1.0,0.9574468085106383,89.31914893617021,22.329787234042552
article_1103,7,0.9706586,1.0,1.0,1.0,63.857142857142854,15.964285714285714
article_1580,7,0.9704214,1.0,1.0,1.0,81.28571428571429,20.321428571428573
article_1152,11,0.9702971,0.9999989,1.0,0.9090909090909091,57.0,14.25
article_1037,9,0.96992993,1.0,1.0,1.0,69.55555555555556,17.38888888888889
article_1346,13,0.9696592,0.99991226,1.0,0.9230769230769231,74.38461538461539,18.596153846153847
article_0658,10,0.9690751,1.0,1.0,0.9,61.6,15.4
article_0126,10,0.96852523,1.0,1.0,0.9,76.0,19.533333333333335
article_1094,9,0.96809494,1.0,1.0,0.8888888888888888,66.22222222222223,17.0
article_1271,8,0.968048,1.0,1.0,0.875,66.375,16.59375
article_1249,9,0.9675132,0.9999992,1.0,0.8888888888888888,74.0,19.287037037037038
article_0456,6,0.9665735,0.99992585,1.0,1.0,79.83333333333333,19.958333333333332
article_1453,12,0.9665144,0.99999726,1.0,0.9166666666666666,62.5,15.625
article_0523,12,0.96614915,1.0,1.0,0.9166666666666666,61.25,15.3125
article_0023,13,0.9652866,1.0,1.0,0.9230769230769231,60.61538461538461,15.397435897435896
article_0580,14,0.9649965,1.0,1.0,0.9285714285714286,70.21428571428571,17.839285714285715
article_1132,9,0.96463466,0.99999994,1.0,1.0,83.66666666666667,21.61111111111111
article_0684,14,0.96414673,0.9998007,1.0,0.9285714285714286,69.64285714285714,17.410714285714285
article_0891,10,0.9640676,0.9999863,1.0,0.9,52.9,13.225
article_1494,59,0.96352303,0.99991196,1.0,0.9491525423728814,77.37288135593221,19.343220338983052
article_0024,10,0.96348,1.0,1.0,0.9,53.0,13.25
article_1222,7,0.9627382,1.0,1.0,0.8571428571428571,92.57142857142857,24.273809523809522
article_1371,8,0.9620119,0.9999999,1.0,0.875,73.0,18.25
article_1461,8,0.9619708,1.0,1.0,0.875,61.875,15.46875
article_1108,6,0.96176356,1.0,1.0,0.8333333333333334,85.66666666666667,21.416666666666668
article_1384,13,0.96067464,0.99817544,1.0,0.9230769230769231,47.92307692307692,11.98076923076923
article_0396,25,0.9597437,1.0,1.0,0.96,84.48,21.12
article_1452,11,0.9596172,1.0,1.0,0.9090909090909091,59.54545454545455,14.886363636363637
article_0222,10,0.95956886,0.9998696,1.0,0.9,67.1,16.775
article_0979,7,0.95878345,1.0,1.0,0.8571428571428571,82.28571428571429,20.571428571428573
article_1190,6,0.95835716,1.0,1.0,0.8333333333333334,81.0,21.5
article_0688,10,0.9575491,1.0,1.0,0.9,57.0,14.25
article_0964,9,0.9575332,0.99835545,1.0,0.8888888888888888,65.33333333333333,16.333333333333332
article_0877,13,0.9569121,0.9999923,1.0,0.9230769230769231,72.15384615384616,18.5
article_0159,10,0.956761,0.9999992,1.0,0.9,69.5,17.375
article_0069,16,0.9566743,0.9999999,1.0,0.9375,57.0,14.25
article_0000,14,0.9566048,0.9999938,1.0,0.9285714285714286,46.07142857142857,11.517857142857142
article_0392,25,0.95620507,1.0,1.0,0.88,53.32,13.33
article_0034,10,0.95615846,0.99997485,1.0,0.9,72.4,18.1
article_1236,5,0.954716,0.9995982,1.0,0.8,79.4,19.85
article_0624,8,0.9545406,0.9999993,1.0,0.875,69.875,17.46875
article_1447,8,0.9536141,0.9994214,1.0,0.875,72.625,18.15625
article_1352,11,0.9533797,0.99999726,1.0,0.9090909090909091,63.81818181818182,15.954545454545455
article_0700,9,0.95323914,1.0,1.0,0.8888888888888888,68.22222222222223,17.055555555555557
article_1122,15,0.95289046,1.0,1.0,0.9333333333333333,104.33333333333333,26.083333333333332
article_1428,6,0.9525631,0.99996436,1.0,1.0,59.666666666666664,14.916666666666666
article_1181,9,0.9505494,1.0,1.0,0.8888888888888888,58.666666666666664,14.666666666666666
article_0227,10,0.95052874,0.9999807,1.0,0.9,92.3,23.591666666666665
article_0764,9,0.95026845,1.0,1.0,0.8888888888888888,71.44444444444444,17.86111111111111
article_1269,10,0.94962853,0.99999994,1.0,0.9,60.7,15.55
article_1469,8,0.94945,1.0,1.0,0.875,70.5,17.625
article_1359,6,0.9491895,1.0,1.0,0.8333333333333334,78.33333333333333,19.583333333333332
article_1473,18,0.948644,0.9999994,1.0,0.9444444444444444,77.77777777777777,19.444444444444443
article_0863,9,0.94855183,1.0,1.0,0.8888888888888888,62.666666666666664,15.666666666666666
article_1031,13,0.94829136,1.0,1.0,0.9230769230769231,62.84615384615385,15.711538461538462
article_0166,13,0.9482015,0.99999976,1.0,0.9230769230769231,71.6923076923077,17.923076923076923
article_1455,11,0.9481203,1.0,1.0,0.9090909090909091,65.63636363636364,16.40909090909091
article_1221,7,0.9480204,1.0,1.0,0.8571428571428571,68.28571428571429,17.869047619047617
article_0612,9,0.9474975,0.99991846,1.0,0.7777777777777778,72.88888888888889,18.22222222222222
article_0635,6,0.94678545,0.9999932,1.0,0.8333333333333334,80.33333333333333,21.22222222222222
article_0629,18,0.9457834,0.99998045,1.0,0.9444444444444444,73.27777777777777,18.319444444444443
article_0358,9,0.9457248,1.0,1.0,0.8888888888888888,66.22222222222223,16.555555555555557
article_1499,11,0.9445263,1.0,1.0,0.9090909090909091,69.0909090909091,17.833333333333332
article_0116,9,0.9436696,0.99998236,1.0,0.8888888888888888,79.22222222222223,19.805555555555557
article_0148,5,0.9434064,1.0,1.0,0.8,62.6,15.65
article_0627,14,0.94213164,0.9999994,1.0,0.9285714285714286,70.42857142857143,17.946428571428573
article_0287,15,0.9416436,0.9999995,1.0,0.9333333333333333,52.4,13.444444444444445
article_1191,9,0.94159806,0.9999963,1.0,0.8888888888888888,70.66666666666667,18.23148148148148
article_1233,4,0.9410078,0.99962115,1.0,0.75,108.5,27.125
article_0121,10,0.94095457,0.9999992,1.0,0.9,85.1,21.275
article_0453,10,0.94046193,1.0,1.0,0.9,68.8,17.2
article_0691,11,0.9391205,0.99998915,1.0,0.9090909090909091,68.54545454545455,17.727272727272727
article_1349,12,0.9389319,0.9936269,1.0,0.8333333333333334,56.583333333333336,14.145833333333334
article_0532,7,0.9387847,0.9999842,1.0,0.8571428571428571,66.0,16.5
article_0049,10,0.93771964,1.0,1.0,0.9,68.7,17.616666666666667
article_0179,17,0.9376425,1.0,1.0,0.9411764705882353,58.05882352941177,14.514705882352942
article_0592,9,0.9372618,1.0,1.0,0.8888888888888888,63.22222222222222,16.13888888888889
article_0678,9,0.9372083,0.9999999,1.0,0.8888888888888888,72.22222222222223,18.055555555555557
article_0468,7,0.9367205,1.0,1.0,0.8571428571428571,67.14285714285714,16.785714285714285
article_0406,17,0.93652856,0.9999197,1.0,0.8235294117647058,63.0,16.029411764705884
article_0494,11,0.9365206,0.9999998,1.0,0.9090909090909091,64.72727272727273,16.833333333333332
article_1521,10,0.93624985,1.0,1.0,0.9,63.5,15.875
article_1146,11,0.9361729,1.0,1.0,0.8181818181818182,62.54545454545455,16.03030303030303
article_0698,11,0.9359333,1.0,1.0,0.9090909090909091,65.0909090909091,16.272727272727273
article_0125,9,0.9357083,1.0,1.0,0.8888888888888888,70.33333333333333,17.583333333333332
article_0787,10,0.9354925,1.0,1.0,0.9,73.2,18.3
article_0860,10,0.93496543,0.99998903,1.0,0.9,66.4,17.058333333333334
article_0590,8,0.93482876,0.9999943,1.0,0.875,70.625,17.65625
article_1026,11,0.9346996,1.0,1.0,0.8181818181818182,66.0909090909091,16.522727272727273
article_0603,15,0.933918,0.99992776,1.0,0.9333333333333333,61.733333333333334,15.433333333333334
article_0514,13,0.9325915,0.9999985,1.0,0.8461538461538461,75.53846153846153,18.884615384615383
article_1409,15,0.93255913,0.99999106,1.0,0.9333333333333333,53.733333333333334,13.433333333333334
article_0185,22,0.93248427,0.99999976,1.0,0.9090909090909091,58.31818181818182,14.579545454545455
article_0147,8,0.9323838,0.999856,1.0,0.875,59.25,14.8125
article_0711,10,0.9323727,1.0,1.0,0.9,63.2,16.416666666666664
article_0141,11,0.93237203,1.0,1.0,0.8181818181818182,65.27272727272727,16.318181818181817
article_1538,17,0.93235505,0.9999795,1.0,0.8823529411764706,73.0,18.431372549019606
article_0982,8,0.9320798,1.0,1.0,0.875,73.125,18.28125
article_1362,7,0.93150944,0.99997795,1.0,0.8571428571428571,82.71428571428571,20.678571428571427
article_0689,11,0.9313598,1.0,1.0,0.9090909090909091,79.0,20.12121212121212
article_0273,7,0.9313426,1.0,1.0,0.8571428571428571,62.714285714285715,16.523809523809526
article_0789,17,0.9312546,0.9999997,1.0,0.9411764705882353,53.35294117647059,13.377450980392156
article_0196,8,0.9311889,1.0,1.0,0.875,65.875,16.46875
article_1196,11,0.93098503,0.9995654,1.0,0.9090909090909091,47.18181818181818,11.992424242424242
article_0421,14,0.93082446,0.99999994,1.0,0.9285714285714286,67.14285714285714,16.785714285714285
article_0647,9,0.9303929,1.0,1.0,0.8888888888888888,61.55555555555556,15.38888888888889
article_0767,10,0.9289092,0.9999579,1.0,0.8,58.5,14.625
article_0231,13,0.9283978,0.99999076,1.0,0.9230769230769231,75.92307692307692,18.98076923076923
article_0542,12,0.9277411,0.9999766,1.0,0.9166666666666666,72.5,18.125
article_1080,15,0.92636675,0.99971557,1.0,0.9333333333333333,64.8,16.2
article_1322,13,0.9258058,1.0,1.0,0.9230769230769231,81.92307692307692,20.48076923076923
article_1275,9,0.9256777,0.99999994,1.0,0.7777777777777778,62.111111111111114,16.00925925925926
article_0707,14,0.9256639,0.9999876,1.0,0.9285714285714286,46.357142857142854,11.744047619047619
article_0022,8,0.9253721,0.99998814,1.0,0.875,71.75,17.9375
article_0679,11,0.9248014,1.0,1.0,0.9090909090909091,63.81818181818182,15.954545454545455
article_1522,11,0.92445946,0.9999472,1.0,0.8181818181818182,59.27272727272727,15.340909090909092
article_0017,14,0.92445403,0.99993765,1.0,0.9285714285714286,48.714285714285715,12.178571428571429
article_0383,13,0.9243377,1.0,1.0,0.9230769230769231,65.53846153846153,16.67948717948718
article_0181,13,0.9239794,1.0,1.0,0.9230769230769231,61.38461538461539,15.346153846153847
article_0606,16,0.92327404,0.99999595,1.0,0.9375,56.5625,14.140625
article_0211,15,0.92317027,0.9997294,1.0,0.8666666666666667,69.86666666666666,17.466666666666665
article_0473,8,0.9230903,0.9980116,1.0,0.75,52.0,13.0
article_1040,18,0.92284447,0.99999905,1.0,0.8888888888888888,71.72222222222223,17.930555555555557
article_1492,11,0.9228181,0.999844,0.99999994,0.8181818181818182,82.27272727272727,20.568181818181817
article_0581,12,0.9222748,1.0,1.0,0.9166666666666666,79.75,19.9375
article_1175,12,0.9210978,0.9999988,1.0,0.9166666666666666,64.58333333333333,16.25
article_0327,13,0.9210316,1.0,1.0,0.8461538461538461,73.23076923076923,18.705128205128204
article_0998,10,0.9197254,1.0,1.0,0.9,64.2,16.05
article_0587,12,0.9195967,0.9999999,1.0,0.9166666666666666,61.583333333333336,15.395833333333334
article_0320,31,0.9193464,0.9999405,1.0,0.8709677419354839,52.67741935483871,13.169354838709678
article_0807,7,0.9188387,0.9999942,1.0,0.8571428571428571,69.42857142857143,17.357142857142858
article_0370,15,0.91828835,0.9999997,1.0,0.8666666666666667,56.4,14.1
article_0842,13,0.91816497,0.99949557,1.0,0.8461538461538461,61.92307692307692,15.48076923076923
article_0498,22,0.9173405,0.9999951,1.0,0.9090909090909091,71.36363636363636,17.84090909090909
article_0898,5,0.9173341,0.9898143,1.0,0.8,68.8,17.2
article_1577,11,0.9173208,1.0,1.0,0.9090909090909091,93.0909090909091,23.272727272727273
article_0628,14,0.91726667,0.9999998,1.0,0.7857142857142857,72.78571428571429,18.196428571428573
article_0996,12,0.91713816,1.0,1.0,0.9166666666666666,77.25,19.756944444444446
article_0875,9,0.91694,1.0,1.0,0.8888888888888888,85.55555555555556,21.38888888888889
article_0518,10,0.9163585,0.99871916,1.0,0.9,71.1,17.775
article_0782,9,0.9161892,1.0,1.0,0.8888888888888888,85.0,21.25
article_1404,14,0.9160522,0.99975955,1.0,0.7857142857142857,68.85714285714286,17.30952380952381
article_0706,11,0.9151918,1.0,1.0,0.9090909090909091,85.9090909090909,21.477272727272727
article_0072,4,0.91466814,0.97645056,1.0,0.75,69.0,17.25
article_0497,10,0.914598,0.999958,1.0,0.9,67.8,16.95
article_0079,6,0.9145067,0.9999958,1.0,0.8333333333333334,72.66666666666667,18.166666666666668
article_0255,10,0.9144041,1.0,1.0,0.9,61.4,15.35
article_1123,8,0.914262,1.0,1.0,0.875,75.0,18.75
article_1573,7,0.9141211,1.0,1.0,0.8571428571428571,79.0,19.75
article_1092,7,0.91278887,0.9999997,1.0,0.8571428571428571,81.71428571428571,20.428571428571427
article_0830,7,0.9123496,1.0,1.0,0.8571428571428571,51.857142857142854,12.964285714285714
article_0496,24,0.91220826,0.9999981,1.0,0.9166666666666666,54.291666666666664,13.572916666666666
article_1570,10,0.91219825,0.9999994,1.0,0.9,67.7,16.925
article_0886,11,0.9117128,1.0,1.0,0.8181818181818182,74.81818181818181,19.18939393939394
article_1230,9,0.91162467,0.99999994,1.0,0.7777777777777778,55.55555555555556,14.027777777777779
article_0424,11,0.911433,1.0,1.0,0.9090909090909091,69.0909090909091,17.272727272727273
article_0045,8,0.9110886,0.99999976,1.0,0.875,66.125,17.25
article_1482,11,0.91077113,0.99993384,1.0,0.9090909090909091,80.0,20.0
article_0915,11,0.9094465,1.0,1.0,0.9090909090909091,54.18181818181818,13.545454545454545
article_0499,18,0.9094188,0.9998308,1.0,0.8888888888888888,57.22222222222222,14.564814814814817
article_0304,12,0.9084106,1.0,1.0,0.9166666666666666,66.41666666666667,16.604166666666668
article_1320,5,0.90821064,0.9999938,1.0,0.8,113.8,28.45
article_0853,11,0.90801674,0.99999917,1.0,0.9090909090909091,70.0,17.5
article_0275,7,0.90792453,1.0,1.0,0.8571428571428571,94.28571428571429,23.571428571428573
article_1017,6,0.9076972,1.0,1.0,0.8333333333333334,78.83333333333333,20.319444444444446
article_0254,11,0.90750086,0.9999765,1.0,0.9090909090909091,52.27272727272727,13.56060606060606
article_1294,11,0.90736425,0.99999994,1.0,0.9090909090909091,59.36363636363637,15.295454545454545
article_0516,13,0.9071767,1.0,1.0,0.9230769230769231,62.84615384615385,16.160256410256412
article_0040,14,0.9071726,0.999983,1.0,0.9285714285714286,49.642857142857146,12.410714285714286
article_1316,6,0.9067211,1.0,1.0,0.8333333333333334,87.5,21.875
article_0177,13,0.9066869,1.0,1.0,0.9230769230769231,90.15384615384616,22.53846153846154
article_1070,13,0.9047526,0.9999995,1.0,0.8461538461538461,51.61538461538461,12.903846153846153
article_1525,9,0.9043841,1.0,1.0,0.8888888888888888,71.55555555555556,18.10185185185185
article_1139,8,0.90437204,1.0,1.0,0.875,78.5,19.625
article_1493,10,0.9043253,1.0,1.0,0.9,92.1,23.025
article_0176,14,0.9040061,0.9999996,1.0,0.8571428571428571,76.42857142857143,19.107142857142858
article_1331,12,0.9037551,0.9999994,1.0,0.8333333333333334,58.583333333333336,14.645833333333334
article_1330,10,0.9035071,0.9999829,1.0,0.7,66.6,16.65
article_0020,12,0.9034721,1.0,1.0,0.9166666666666666,71.08333333333333,17.770833333333332
article_0779,8,0.9031342,1.0,1.0,0.875,75.25,18.8125
article_0848,9,0.9030591,1.0,1.0,0.8888888888888888,44.666666666666664,11.675925925925926
article_1145,12,0.902935,1.0,1.0,0.9166666666666666,60.916666666666664,15.229166666666666
article_1363,8,0.90280503,0.9999966,1.0,0.75,72.125,18.03125
article_1605,13,0.90232724,0.9920761,1.0,0.8461538461538461,56.61538461538461,14.153846153846153
article_0926,13,0.9021258,0.9998903,1.0,0.8461538461538461,68.76923076923077,17.416666666666664
article_0418,11,0.90203667,0.9999949,1.0,0.9090909090909091,100.27272727272727,25.068181818181817
article_0056,13,0.90198356,0.99997526,1.0,0.9230769230769231,71.23076923076923,17.839743589743588
article_0791,10,0.9017817,1.0,1.0,0.9,67.6,17.566666666666666
article_0244,19,0.9014595,0.9999999,1.0,0.8421052631578947,46.8421052631579,11.710526315789474
article_1209,14,0.90092003,0.9999989,1.0,0.7857142857142857,71.07142857142857,17.869047619047617
article_0264,13,0.90075785,0.99996185,1.0,0.8461538461538461,52.53846153846154,13.134615384615385
article_1347,9,0.90071774,0.99999976,1.0,0.8888888888888888,67.33333333333333,16.833333333333332
article_1113,8,0.90057635,0.99997675,1.0,0.875,79.25,19.8125
article_0844,14,0.9003342,0.99996495,1.0,0.8571428571428571,70.14285714285714,17.875
article_0356,9,0.9000041,0.9999993,1.0,0.8888888888888888,68.88888888888889,17.22222222222222
article_1481,15,0.8997645,0.99407625,1.0,0.8666666666666667,71.13333333333334,18.155555555555555
article_0796,17,0.8988881,0.9999682,1.0,0.8823529411764706,60.76470588235294,15.191176470588236
article_1484,19,0.89867634,1.0,1.0,0.8947368421052632,73.3157894736842,18.61842105263158
article_0501,7,0.8985775,1.0,1.0,0.8571428571428571,82.0,21.13095238095238
article_1445,9,0.8985056,1.0,1.0,0.8888888888888888,65.0,16.25
article_0460,8,0.8981294,0.99999833,1.0,0.875,83.125,21.71875
article_1410,8,0.89801013,1.0,1.0,0.875,57.875,14.46875
article_1009,12,0.89792675,1.0,1.0,0.8333333333333334,65.5,16.84722222222222
article_0416,14,0.89782757,0.99991274,1.0,0.8571428571428571,41.42857142857143,10.357142857142858
article_1356,16,0.8974011,0.9999932,1.0,0.8125,75.1875,18.90625
article_0028,16,0.8973938,1.0,1.0,0.8125,67.0,16.75
article_0874,15,0.8970047,0.9999997,1.0,0.8666666666666667,56.46666666666667,14.21111111111111
article_0838,11,0.8966595,1.0,1.0,0.9090909090909091,54.72727272727273,13.681818181818182
article_1477,8,0.8963877,1.0,1.0,0.875,69.125,17.28125
article_1002,7,0.8962194,1.0,1.0,0.8571428571428571,71.42857142857143,17.857142857142858
article_1014,20,0.89531076,0.99999976,1.0,0.9,57.15,14.595833333333335
article_0298,20,0.89463395,0.9999951,1.0,0.9,73.15,18.2875
article_0221,7,0.8946175,1.0,1.0,0.8571428571428571,80.57142857142857,20.142857142857142
article_1088,9,0.8944232,1.0,1.0,0.8888888888888888,64.33333333333333,16.083333333333332
article_1004,4,0.8942604,0.99976355,1.0,0.75,108.5,27.125
article_0928,9,0.89412487,0.99922025,1.0,0.7777777777777778,44.0,11.0
article_0032,13,0.8937141,0.99996215,1.0,0.8461538461538461,64.61538461538461,16.153846153846153
article_1411,9,0.8935705,1.0,1.0,0.8888888888888888,61.44444444444444,15.546296296296296
article_1207,8,0.89331794,1.0,1.0,0.875,80.625,20.15625
article_0292,16,0.8931103,1.0,1.0,0.875,49.375,12.34375
article_1616,5,0.89291555,1.0,1.0,0.8,64.8,16.2
article_0337,10,0.8927189,0.9903747,1.0,0.8,78.1,19.525
article_1090,9,0.8918077,1.0,1.0,0.8888888888888888,67.22222222222223,17.546296296296294
article_1387,11,0.8913739,0.99997556,1.0,0.8181818181818182,64.45454545454545,16.113636363636363
article_0229,13,0.89110726,0.99998087,1.0,0.7692307692307693,70.61538461538461,17.653846153846153
article_0741,10,0.8909785,0.99997956,1.0,0.8,68.5,17.125
article_1342,9,0.88999814,0.9999203,1.0,0.8888888888888888,70.33333333333333,18.407407407407405
article_0594,12,0.8899432,0.9999789,1.0,0.8333333333333334,52.083333333333336,13.020833333333334
article_1106,15,0.8898297,1.0,1.0,0.8666666666666667,78.0,19.5
article_0059,13,0.88967043,0.99992627,1.0,0.8461538461538461,70.38461538461539,17.98717948717949
article_0386,9,0.88948524,1.0,1.0,0.8888888888888888,68.0,17.0
article_0203,9,0.88946384,1.0,1.0,0.8888888888888888,81.55555555555556,20.38888888888889
article_0664,11,0.88917136,0.9998457,1.0,0.8181818181818182,47.27272727272727,12.15151515151515
article_1508,8,0.8890769,0.9994267,1.0,0.875,88.375,22.729166666666668
article_1532,15,0.8879159,0.99985445,1.0,0.8666666666666667,46.8,11.7
article_1424,10,0.8879005,0.9999987,1.0,0.9,51.2,13.183333333333334
article_0881,11,0.8874529,0.9999455,1.0,0.8181818181818182,65.0909090909091,16.272727272727273
article_0866,9,0.88720155,0.9999992,1.0,0.8888888888888888,62.888888888888886,15.722222222222221
article_0411,10,0.8870745,0.9997511,1.0,0.8,60.1,15.025
article_1255,8,0.88696206,0.999949,1.0,0.875,52.0,13.0
article_0336,9,0.88654137,0.9999993,1.0,0.8888888888888888,77.88888888888889,20.25
article_0780,11,0.88652724,1.0,1.0,0.8181818181818182,75.45454545454545,19.356060606060606
article_0671,11,0.88638115,0.99999994,1.0,0.8181818181818182,57.63636363636363,14.409090909090908
article_0002,15,0.8863792,1.0,1.0,0.8666666666666667,57.86666666666667,14.744444444444444
article_0988,14,0.8862713,0.9999995,1.0,0.7142857142857143,54.714285714285715,13.678571428571429
article_0027,15,0.88607293,0.9999801,1.0,0.8,56.4,14.1
article_1360,7,0.8859568,1.0,1.0,0.8571428571428571,95.57142857142857,24.988095238095237
article_0262,9,0.88517064,0.99998975,1.0,0.8888888888888888,50.666666666666664,13.083333333333334
article_1169,10,0.88499385,1.0,1.0,0.9,69.6,17.4
article_0173,12,0.88472503,0.9999986,1.0,0.8333333333333334,61.0,15.25
article_0783,11,0.88463694,0.9999974,1.0,0.8181818181818182,73.72727272727273,18.431818181818183
article_1212,9,0.8835993,1.0,1.0,0.8888888888888888,70.11111111111111,17.52777777777778
article_0445,11,0.88356346,0.99999976,1.0,0.8181818181818182,58.72727272727273,14.681818181818182
article_0206,20,0.883541,0.9999589,1.0,0.85,86.2,21.55
article_1391,15,0.8831875,1.0,1.0,0.8666666666666667,72.33333333333333,18.083333333333332
article_0589,7,0.8824307,0.9999833,1.0,0.8571428571428571,70.57142857142857,17.642857142857142
article_1129,20,0.88206214,0.9994643,1.0,0.8,59.2,15.0
article_1041,11,0.88188326,0.9905699,1.0,0.9090909090909091,79.45454545454545,19.863636363636363
article_0009,22,0.8814874,0.996588,1.0,0.7727272727272727,43.72727272727273,10.931818181818182
article_1581,10,0.8811863,1.0,1.0,0.8,64.9,16.225
article_0043,14,0.8808497,0.9999783,1.0,0.8571428571428571,61.214285714285715,15.303571428571429
article_1179,9,0.88071156,0.9999723,1.0,0.7777777777777778,73.44444444444444,18.36111111111111
article_0217,10,0.87978715,0.99866223,1.0,0.8,61.8,15.45
article_1498,8,0.87976515,1.0,1.0,0.875,71.0,17.75
article_1329,14,0.8794707,0.99999857,1.0,0.8571428571428571,59.642857142857146,14.910714285714286
article_0261,8,0.87917244,1.0,1.0,0.875,53.25,13.3125
article_0303,15,0.8789551,0.9999997,1.0,0.8666666666666667,39.733333333333334,9.933333333333334
article_0251,8,0.8789482,1.0,1.0,0.875,69.25,17.3125
article_0278,13,0.8789196,0.9982499,1.0,0.8461538461538461,70.38461538461539,17.596153846153847
article_0062,9,0.8785891,1.0,1.0,0.8888888888888888,66.55555555555556,16.63888888888889
article_1323,8,0.87821686,0.99999976,1.0,0.875,74.0,18.5
article_0472,11,0.87791616,0.999838,1.0,0.9090909090909091,62.36363636363637,15.590909090909092
article_1042,13,0.877882,1.0,1.0,0.8461538461538461,81.23076923076923,20.653846153846153
article_1524,12,0.87735385,0.99999994,1.0,0.8333333333333334,75.41666666666667,18.854166666666668
article_0300,11,0.87704366,1.0,1.0,0.8181818181818182,43.72727272727273,10.931818181818182
article_0786,8,0.8762216,0.9988566,1.0,0.75,76.0,19.0
article_0220,13,0.8761784,0.9999982,1.0,0.7692307692307693,65.53846153846153,16.384615384615383
article_1463,8,0.8760277,1.0,1.0,0.875,61.625,15.40625
article_0985,7,0.8760111,0.98540187,0.9999945,0.8571428571428571,59.57142857142857,16.0
article_0537,9,0.8746264,1.0,1.0,0.7777777777777778,67.77777777777777,16.944444444444443
article_0448,9,0.8741716,0.99999815,1.0,0.7777777777777778,66.66666666666667,16.666666666666668
article_1256,14,0.87409604,1.0,1.0,0.8571428571428571,56.357142857142854,14.089285714285714
article_1156,11,0.8739579,0.9999939,1.0,0.7272727272727273,69.0909090909091,17.272727272727273
article_0070,24,0.8738149,0.9998232,1.0,0.8333333333333334,64.375,16.09375
article_1609,13,0.8736413,0.99993813,1.0,0.8461538461538461,68.3076923076923,17.076923076923077
article_1089,17,0.8726044,1.0,1.0,0.8235294117647058,69.29411764705883,17.323529411764707
article_0129,9,0.8723559,0.9999844,1.0,0.8888888888888888,80.22222222222223,20.62037037037037
article_0619,21,0.8721969,0.9998395,1.0,0.8571428571428571,61.333333333333336,15.333333333333334
article_0758,10,0.87201345,0.99956554,1.0,0.8,75.3,18.825
article_1537,13,0.87165874,0.99999994,1.0,0.7692307692307693,54.84615384615385,13.711538461538462
article_0813,5,0.8715084,0.9989742,1.0,0.8,69.8,18.516666666666666
article_0427,10,0.8713066,0.9999604,1.0,0.9,67.4,16.85
article_1001,6,0.87081915,0.99978054,1.0,0.8333333333333334,92.33333333333333,24.125
article_0549,9,0.87071687,1.0,1.0,0.8888888888888888,52.44444444444444,13.11111111111111
article_0402,19,0.8706143,0.9997402,1.0,0.8421052631578947,55.473684210526315,13.868421052631579
article_0983,14,0.8705341,0.99774057,1.0,0.7857142857142857,83.64285714285714,20.910714285714285
article_0272,12,0.87030524,0.97944367,1.0,0.75,65.16666666666667,16.84722222222222
article_0858,9,0.8697352,0.99952203,1.0,0.8888888888888888,62.44444444444444,15.61111111111111
article_1326,12,0.86885595,0.99116075,1.0,0.8333333333333334,52.833333333333336,13.208333333333334
article_0241,12,0.86859465,0.9999453,1.0,0.8333333333333334,38.666666666666664,9.666666666666666
article_0291,15,0.8675969,1.0,1.0,0.8666666666666667,47.13333333333333,11.783333333333333
article_1064,8,0.8675897,0.99999905,1.0,0.875,67.375,16.84375
article_1514,8,0.86683965,0.99999154,1.0,0.875,65.375,16.34375
article_1574,9,0.8666176,1.0,1.0,0.7777777777777778,59.44444444444444,14.86111111111111
article_0075,11,0.86642927,0.9640042,1.0,0.8181818181818182,78.72727272727273,19.681818181818183
article_0754,8,0.8664062,0.9321527,1.0,0.75,80.125,20.03125
article_1048,7,0.8661947,1.0,1.0,0.8571428571428571,62.714285714285715,15.678571428571429
article_0407,15,0.86570704,0.9999973,1.0,0.8666666666666667,67.06666666666666,16.766666666666666
article_0208,29,0.86558306,0.99999946,1.0,0.7931034482758621,62.48275862068966,15.620689655172415
article_1086,10,0.865499,1.0,1.0,0.8,72.7,18.175
article_0198,7,0.86519676,1.0,1.0,0.8571428571428571,94.85714285714286,23.714285714285715
article_0978,16,0.8650246,0.9999736,1.0,0.8125,73.375,18.34375
article_1487,21,0.8645644,0.99992543,1.0,0.7619047619047619,75.14285714285714,19.043650793650794
article_0708,14,0.86435443,0.99982995,1.0,0.7857142857142857,68.21428571428571,17.053571428571427
article_1594,7,0.86421406,0.99999994,1.0,0.7142857142857143,63.285714285714285,15.821428571428571
article_0631,14,0.86350906,0.99898756,1.0,0.7857142857142857,66.35714285714286,16.589285714285715
article_1390,12,0.8632253,1.0,1.0,0.8333333333333334,45.583333333333336,11.395833333333334
article_0771,14,0.8630174,0.9998784,1.0,0.8571428571428571,82.07142857142857,20.517857142857142
article_1515,11,0.8629282,0.9999317,1.0,0.8181818181818182,67.9090909090909,16.977272727272727
article_0990,7,0.8621945,0.99999994,1.0,0.8571428571428571,78.42857142857143,20.523809523809522
article_1551,31,0.86112964,0.99113214,1.0,0.8064516129032258,68.74193548387096,17.18548387096774
article_1365,9,0.85971373,1.0,1.0,0.7777777777777778,63.666666666666664,15.916666666666666
article_0889,10,0.8594569,0.99878645,1.0,0.8,54.3,13.575
article_1526,10,0.85940677,1.0,1.0,0.8,61.8,15.45
article_0556,7,0.8592137,1.0,1.0,0.8571428571428571,73.28571428571429,18.321428571428573
article_1491,7,0.85904026,1.0,1.0,0.8571428571428571,91.28571428571429,22.821428571428573
article_1394,10,0.8587723,1.0,1.0,0.8,63.3,15.825
article_0744,10,0.8583727,1.0,1.0,0.8,54.1,13.525
article_1193,7,0.85822684,0.9999998,1.0,0.8571428571428571,75.14285714285714,18.785714285714285
article_0430,14,0.858225,0.9999198,1.0,0.7857142857142857,72.5,18.125
article_0963,12,0.85803527,0.9956701,1.0,0.75,74.33333333333333,18.583333333333332
article_0614,7,0.85790914,1.0,1.0,0.8571428571428571,70.0,17.5
article_0730,10,0.8576762,1.0,1.0,0.8,62.3,15.575
article_0602,6,0.8575154,0.9950814,1.0,0.8333333333333334,60.0,15.361111111111112
article_0444,6,0.8572958,0.968173,1.0,0.8333333333333334,78.5,19.625
article_1464,11,0.8572203,1.0,1.0,0.8181818181818182,63.54545454545455,15.886363636363637
article_1008,4,0.85697293,0.9999803,1.0,0.75,86.0,22.625
article_1355,15,0.85693437,0.9998257,1.0,0.8,62.06666666666667,15.716666666666667
article_0350,9,0.8568015,0.9999982,1.0,0.7777777777777778,78.77777777777777,19.694444444444443
article_0654,13,0.8560377,0.99999994,1.0,0.8461538461538461,72.61538461538461,18.153846153846153
article_0236,8,0.8547619,0.9996973,1.0,0.875,57.875,14.46875
article_0910,12,0.85432434,0.9999909,1.0,0.8333333333333334,38.166666666666664,9.541666666666666
article_0733,14,0.85412055,0.9999939,1.0,0.8571428571428571,65.14285714285714,16.285714285714285
article_0064,15,0.85399514,0.999996,1.0,0.8666666666666667,59.2,14.827777777777778
article_1238,6,0.8532915,1.0,1.0,0.8333333333333334,76.0,19.0
article_1068,9,0.8532231,1.0,1.0,0.7777777777777778,54.888888888888886,13.722222222222221
article_0480,9,0.8526227,0.99960494,1.0,0.7777777777777778,73.22222222222223,18.657407407407405
article_0493,31,0.85259295,0.99999934,1.0,0.8387096774193549,51.25806451612903,12.814516129032258
article_1485,9,0.8523703,0.9999218,1.0,0.7777777777777778,72.44444444444444,18.11111111111111
article_0199,12,0.85222775,0.98854077,1.0,0.8333333333333334,64.25,16.0625
article_1393,11,0.8521399,0.9999997,1.0,0.8181818181818182,61.63636363636363,15.409090909090908
article_0792,13,0.85170484,0.9935816,1.0,0.7692307692307693,71.92307692307692,17.98076923076923
article_0735,11,0.85167176,0.99999994,1.0,0.8181818181818182,91.81818181818181,22.954545454545453
article_0422,8,0.8514852,0.99999356,1.0,0.75,80.625,20.760416666666668
article_0360,16,0.85084575,0.98675704,1.0,0.6875,61.0,15.25
article_0505,19,0.85055715,0.98442173,1.0,0.6842105263157895,71.57894736842105,17.894736842105264
article_0361,22,0.8499736,0.9746607,1.0,0.7272727272727273,64.4090909090909,16.102272727272727
article_1460,29,0.84969294,0.99999845,1.0,0.7586206896551724,67.27586206896552,16.979885057471265
article_0991,13,0.8495358,0.9998147,1.0,0.8461538461538461,44.69230769230769,11.173076923076923
article_0446,12,0.8493748,1.0,1.0,0.75,40.5,10.125
article_1395,11,0.8490389,0.9993026,1.0,0.8181818181818182,60.45454545454545,15.113636363636363
article_0751,17,0.84889036,1.0,1.0,0.8235294117647058,62.8235294117647,15.960784313725489
article_0286,14,0.84884965,0.9999996,1.0,0.8571428571428571,51.357142857142854,12.839285714285714
article_0840,7,0.84864587,0.9998645,1.0,0.8571428571428571,79.28571428571429,19.821428571428573
article_0617,15,0.84857637,1.0,1.0,0.8,60.666666666666664,15.166666666666666
article_1107,8,0.848391,0.9973019,1.0,0.75,73.5,18.375
article_0483,10,0.8482278,0.9994893,1.0,0.8,49.8,12.45
article_0265,11,0.8460234,0.99999946,1.0,0.8181818181818182,62.63636363636363,16.143939393939394
article_0461,8,0.84588253,1.0,1.0,0.75,74.25,18.5625
article_1388,9,0.8447649,1.0,1.0,0.7777777777777778,61.0,15.25
article_0352,10,0.8446976,0.99855584,1.0,0.8,82.7,20.675
article_0766,12,0.84464663,0.9975915,1.0,0.8333333333333334,66.75,17.166666666666668
article_0924,12,0.8444322,0.9997665,1.0,0.75,46.666666666666664,11.666666666666666
article_1024,7,0.84344906,0.999998,1.0,0.8571428571428571,91.28571428571429,22.821428571428573
article_0031,14,0.84303015,0.999853,1.0,0.7142857142857143,46.785714285714285,11.845238095238097
article_1541,13,0.84260505,0.99999994,1.0,0.8461538461538461,60.61538461538461,15.5
article_0696,6,0.8412594,0.9998438,1.0,0.8333333333333334,81.66666666666667,20.416666666666668
article_0128,8,0.8411321,0.99006397,1.0,0.75,49.25,12.3125
article_0143,14,0.84090555,0.9998641,1.0,0.7857142857142857,46.92857142857143,12.017857142857142
article_0183,6,0.8408032,1.0,1.0,0.8333333333333334,75.83333333333333,20.194444444444446
article_0280,11,0.84004503,0.9999987,1.0,0.8181818181818182,77.45454545454545,19.363636363636363
article_0297,10,0.83962613,0.9999782,1.0,0.8,55.6,13.9
article_0795,12,0.8395707,0.9999902,1.0,0.75,58.583333333333336,14.645833333333334
article_0870,7,0.83926475,0.96747077,1.0,0.7142857142857143,71.0,17.75
article_0013,13,0.83911425,0.9999997,1.0,0.8461538461538461,46.92307692307692,11.73076923076923
article_1105,6,0.83910084,0.9999548,1.0,0.8333333333333334,84.33333333333333,21.083333333333332
article_0812,13,0.83885056,0.99999756,1.0,0.8461538461538461,53.69230769230769,13.423076923076923
article_1213,6,0.83879834,1.0,1.0,0.8333333333333334,88.0,22.0
article_0548,12,0.8387198,0.99999607,1.0,0.8333333333333334,46.333333333333336,11.583333333333334
article_0854,14,0.83765393,0.99424875,1.0,0.7857142857142857,45.285714285714285,11.321428571428571
article_0479,6,0.8374776,0.9999566,1.0,0.8333333333333334,65.33333333333333,17.23611111111111
article_0859,10,0.8366047,1.0,1.0,0.8,62.5,15.625
article_1547,8,0.83626884,0.9998877,1.0,0.75,70.75,18.145833333333332
article_1413,9,0.83618295,0.9914833,1.0,0.7777777777777778,54.22222222222222,13.555555555555555
article_1368,4,0.8360189,1.0,1.0,0.75,96.5,24.125
article_1153,7,0.8354006,0.99996424,1.0,0.7142857142857143,73.0,18.25
article_1043,10,0.8353332,0.9924175,1.0,0.8,125.6,32.05
article_1429,11,0.8351809,1.0,1.0,0.8181818181818182,45.36363636363637,11.340909090909092
article_0001,11,0.83508515,0.99997103,1.0,0.8181818181818182,70.18181818181819,17.545454545454547
article_0194,30,0.8350109,0.9997586,1.0,0.8,71.2,17.8
article_0401,19,0.8342752,0.9989431,1.0,0.7894736842105263,63.421052631578945,15.855263157894736
article_1218,15,0.834018,0.99829847,1.0,0.8,40.333333333333336,10.083333333333334
article_1611,10,0.83352363,1.0,1.0,0.8,62.6,15.65
article_0035,11,0.83350825,0.99815243,1.0,0.8181818181818182,65.9090909090909,17.007575757575758
article_0829,8,0.8334116,1.0,1.0,0.75,58.25,14.5625
article_0489,13,0.8330217,0.9930455,1.0,0.8461538461538461,70.6923076923077,17.673076923076923
article_0482,12,0.8329769,1.0,1.0,0.75,54.166666666666664,13.604166666666666
article_1231,11,0.8326344,0.99091446,1.0,0.7272727272727273,59.0,14.75
article_0180,16,0.83240587,1.0,1.0,0.8125,61.6875,15.421875
article_1259,6,0.83191663,0.9993764,1.0,0.8333333333333334,54.5,13.625
article_1227,7,0.8318121,0.99999803,1.0,0.7142857142857143,78.71428571428571,19.678571428571427
article_0108,14,0.8316862,0.9964907,1.0,0.7142857142857143,61.42857142857143,15.357142857142858
article_0927,6,0.83147645,0.9999976,1.0,0.8333333333333334,66.0,16.5
article_0425,15,0.8314608,0.9999976,1.0,0.7333333333333333,66.53333333333333,16.633333333333333
article_0893,12,0.8313063,0.9999975,1.0,0.8333333333333334,51.916666666666664,12.979166666666666
article_0417,9,0.8308594,0.99982464,1.0,0.7777777777777778,71.22222222222223,17.805555555555557
article_1490,6,0.83080786,0.9834037,1.0,0.8333333333333334,90.5,22.625
article_0989,14,0.83016694,1.0,1.0,0.7857142857142857,55.0,13.75
article_1192,11,0.8300907,1.0,1.0,0.8181818181818182,45.72727272727273,11.681818181818182
article_0615,18,0.8295202,0.99972403,1.0,0.7777777777777778,76.38888888888889,19.09722222222222
article_0051,11,0.8290951,0.9998935,1.0,0.8181818181818182,67.0909090909091,17.318181818181817
article_0509,16,0.8288318,0.99997175,1.0,0.75,60.5,15.125
article_0471,6,0.8287396,0.99998945,1.0,0.8333333333333334,81.5,21.319444444444446
article_0867,9,0.82856274,0.9999933,1.0,0.7777777777777778,53.666666666666664,13.416666666666666
article_0451,26,0.82850873,0.97011375,0.99999994,0.7307692307692307,42.57692307692308,10.64423076923077
article_0634,7,0.82845545,0.9999987,1.0,0.7142857142857143,79.85714285714286,19.964285714285715
article_0447,8,0.8283236,0.9994695,1.0,0.75,60.125,15.03125
article_1301,11,0.82815415,0.9999996,1.0,0.8181818181818182,68.18181818181819,17.045454545454547
article_1434,9,0.82767457,1.0,1.0,0.7777777777777778,61.888888888888886,15.472222222222221
article_1495,16,0.8275722,0.9999982,1.0,0.75,63.5625,15.927083333333334
article_0720,21,0.8272861,0.99908537,1.0,0.7619047619047619,45.57142857142857,11.392857142857142
article_0981,13,0.8269986,0.9999991,1.0,0.7692307692307693,71.15384615384616,17.78846153846154
article_0189,22,0.8257847,0.9999348,1.0,0.7727272727272727,78.22727272727273,19.696969696969695
article_1586,27,0.82539797,0.9961548,1.0,0.7777777777777778,47.51851851851852,12.012345679012345
article_0404,9,0.8248114,0.97400457,1.0,0.6666666666666666,60.666666666666664,15.166666666666666
article_0728,14,0.8245188,0.9999746,1.0,0.7857142857142857,58.57142857142857,14.642857142857142
article_1272,9,0.8239531,0.9999996,1.0,0.7777777777777778,63.44444444444444,15.86111111111111
article_1479,33,0.82336295,0.9785214,1.0,0.7272727272727273,65.51515151515152,16.37878787878788
article_0439,6,0.82254297,0.9998043,1.0,0.8333333333333334,48.5,12.291666666666666
article_0124,17,0.82244706,0.9999855,1.0,0.7647058823529411,59.23529411764706,14.808823529411764
article_0080,8,0.82192963,0.9944048,1.0,0.75,69.625,17.40625
article_1028,6,0.8217378,0.9998667,1.0,0.8333333333333334,77.16666666666667,19.291666666666668
article_0098,9,0.82129574,0.99999946,1.0,0.7777777777777778,73.44444444444444,18.36111111111111
article_0993,5,0.82123804,0.99999994,1.0,0.8,77.0,19.25
article_1205,12,0.8203332,0.9999838,1.0,0.6666666666666666,72.75,18.1875
article_0238,13,0.82017136,0.99999475,1.0,0.7692307692307693,58.53846153846154,14.673076923076923
article_0646,9,0.8199141,0.99994206,1.0,0.7777777777777778,58.333333333333336,14.583333333333334
article_0906,13,0.8197206,0.99999505,1.0,0.7692307692307693,48.69230769230769,12.628205128205128
article_0066,13,0.8193903,0.9999208,1.0,0.7692307692307693,69.46153846153847,17.365384615384617
article_1334,7,0.81919086,0.999714,1.0,0.7142857142857143,98.0,24.5
article_1545,25,0.8186905,0.9956322,1.0,0.72,80.36,20.09
article_1475,7,0.81809235,1.0,1.0,0.7142857142857143,95.57142857142857,23.892857142857142
article_0413,23,0.81682205,0.998326,1.0,0.7391304347826086,55.130434782608695,13.782608695652174
article_0908,11,0.8163586,0.996927,1.0,0.8181818181818182,62.54545454545455,16.098484848484848
article_0150,9,0.8153307,1.0,1.0,0.7777777777777778,68.11111111111111,17.02777777777778
article_0188,9,0.81515807,0.99999684,1.0,0.7777777777777778,74.88888888888889,18.72222222222222
article_0010,8,0.8148674,0.999996,1.0,0.75,41.5,10.989583333333334
article_0097,15,0.814186,0.9984853,1.0,0.8,39.266666666666666,9.816666666666666
article_0873,16,0.81378186,0.999806,1.0,0.75,69.6875,17.75
article_1246,16,0.8134008,0.9998097,1.0,0.75,70.4375,17.609375
article_1358,7,0.8125391,0.99999523,1.0,0.7142857142857143,101.14285714285714,25.285714285714285
article_0984,11,0.81127715,0.9999999,1.0,0.7272727272727273,65.0,16.25
article_0026,14,0.810973,0.99971676,1.0,0.7142857142857143,54.5,13.625
article_0827,12,0.81052786,1.0,1.0,0.75,65.41666666666667,16.354166666666668
article_1076,16,0.8098527,0.9941237,1.0,0.6875,48.0,12.0
article_0376,16,0.809188,0.99699795,1.0,0.8125,46.5,11.625
article_0884,21,0.80901027,0.9999079,1.0,0.6666666666666666,53.857142857142854,13.464285714285714
article_0885,37,0.8089469,0.99892974,1.0,0.7027027027027027,55.270270270270274,13.817567567567568
article_1397,12,0.8088739,0.9484116,1.0,0.75,53.333333333333336,13.333333333333334
article_1590,9,0.80851114,0.99989957,1.0,0.6666666666666666,61.888888888888886,15.472222222222221
article_0061,10,0.8080329,0.99999976,1.0,0.8,53.6,13.4
article_0216,10,0.8073553,0.9999988,1.0,0.8,50.9,12.725
article_0680,18,0.80724657,0.99912703,1.0,0.7222222222222222,51.0,12.75
article_0672,12,0.80703115,1.0,1.0,0.75,62.333333333333336,16.09027777777778
article_1354,17,0.8053204,0.9999998,1.0,0.7058823529411765,58.05882352941177,14.799019607843137
article_1507,7,0.8051816,1.0,1.0,0.7142857142857143,60.714285714285715,15.178571428571429
article_0879,17,0.805071,0.9989113,1.0,0.6470588235294118,72.0,18.0
article_0428,13,0.80437535,0.998741,1.0,0.7692307692307693,55.23076923076923,13.807692307692308
article_1353,8,0.8041734,1.0,1.0,0.75,71.25,17.8125
article_0449,14,0.80382144,0.9999951,1.0,0.7857142857142857,50.357142857142854,12.589285714285714
article_0710,16,0.8035624,0.9827217,1.0,0.6875,52.0625,13.015625
article_1419,9,0.8031208,0.9992921,1.0,0.7777777777777778,62.666666666666664,15.666666666666666
article_0976,10,0.80299747,0.99941087,1.0,0.6,72.4,18.1
article_0077,9,0.8023012,0.9932766,1.0,0.7777777777777778,64.0,16.64814814814815
article_1618,9,0.8022018,0.97943145,1.0,0.7777777777777778,70.33333333333333,17.583333333333332
article_0861,8,0.8019014,0.99934924,1.0,0.75,62.25,15.5625
article_0048,16,0.8018374,1.0,1.0,0.6875,39.25,9.854166666666666
article_1572,5,0.80168945,0.9999832,1.0,0.8,88.6,23.466666666666665
article_1121,16,0.8012816,1.0,1.0,0.75,52.875,13.21875
article_0673,14,0.8009324,0.9999525,1.0,0.7142857142857143,56.5,14.196428571428571
article_0529,10,0.8008634,0.9999999,1.0,0.7,70.5,17.625
article_0224,11,0.80059755,1.0,1.0,0.6363636363636364,56.81818181818182,14.204545454545455
article_0351,9,0.8001215,0.99999964,1.0,0.7777777777777778,63.77777777777778,15.944444444444445
article_0935,19,0.7999277,0.9925717,1.0,0.7894736842105263,57.0,14.25
article_0060,11,0.79970586,0.9987119,1.0,0.7272727272727273,50.45454545454545,13.143939393939394
article_0739,20,0.79948086,0.9993942,1.0,0.7,64.6,16.15
article_0676,12,0.799321,1.0,1.0,0.75,61.0,15.25
article_1127,30,0.79858845,0.9948486,1.0,0.7333333333333333,55.166666666666664,13.791666666666666
article_1433,14,0.79746646,1.0,1.0,0.7857142857142857,62.357142857142854,15.988095238095239
article_1488,17,0.79717475,0.9983059,1.0,0.7058823529411765,69.94117647058823,17.485294117647058
article_1281,10,0.7966232,0.99996156,1.0,0.8,63.5,16.45
article_0073,7,0.7965819,0.9598542,0.9999997,0.7142857142857143,75.57142857142857,19.928571428571427
article_0894,17,0.79646856,0.9995945,1.0,0.7058823529411765,35.64705882352941,8.911764705882353
article_0639,19,0.79637724,0.9991402,1.0,0.7368421052631579,66.47368421052632,16.61842105263158
article_1130,8,0.79619473,0.9998827,1.0,0.75,69.875,17.46875
article_0609,12,0.79564995,0.99999964,1.0,0.6666666666666666,66.58333333333333,16.645833333333332
article_0522,22,0.7954355,0.9997647,1.0,0.7727272727272727,44.77272727272727,11.193181818181818
article_0306,7,0.7951474,0.9999822,1.0,0.7142857142857143,73.0,19.428571428571427
article_0058,10,0.7950169,0.99998164,1.0,0.7,73.8,18.45
article_0225,10,0.7946269,0.97778,1.0,0.8,58.5,14.95
article_0817,14,0.79449695,0.99879223,1.0,0.7142857142857143,56.07142857142857,14.017857142857142
article_1250,10,0.7939082,0.99544305,1.0,0.6,56.5,14.125
article_0380,20,0.79335463,0.9995702,1.0,0.8,69.75,17.4375
article_1240,7,0.7920458,0.9999992,1.0,0.7142857142857143,72.71428571428571,18.178571428571427
article_0160,13,0.79174864,1.0,1.0,0.7692307692307693,58.53846153846154,14.826923076923077
article_0986,14,0.79153585,0.9985428,1.0,0.6428571428571429,37.714285714285715,9.428571428571429
article_0997,14,0.791387,1.0,1.0,0.7857142857142857,47.07142857142857,11.767857142857142
article_0170,10,0.79122794,0.9918746,1.0,0.6,72.0,18.0
article_0488,6,0.79107016,0.95735323,1.0,0.8333333333333334,77.0,19.25
article_0808,17,0.7910515,0.9941215,1.0,0.7647058823529411,98.0,24.5
article_1244,18,0.7906784,0.9656917,1.0,0.7222222222222222,49.22222222222222,12.305555555555555
article_0920,15,0.7904286,0.9999984,1.0,0.7333333333333333,36.6,9.15
article_0228,17,0.79028004,1.0,1.0,0.7647058823529411,63.05882352941177,15.823529411764707
article_0487,7,0.7901956,0.99283475,1.0,0.7142857142857143,68.14285714285714,17.035714285714285
article_0809,11,0.7897141,0.9984233,1.0,0.7272727272727273,62.81818181818182,15.704545454545455
article_1606,21,0.7887419,0.99942195,1.0,0.6666666666666666,68.23809523809524,17.05952380952381
article_1503,8,0.78862697,0.99995756,1.0,0.625,54.375,13.59375
article_0803,9,0.7885277,0.9975289,1.0,0.7777777777777778,52.333333333333336,13.083333333333334
article_1104,10,0.7884643,0.99948466,1.0,0.7,68.9,17.225
article_1085,11,0.7883619,0.9998784,1.0,0.7272727272727273,54.36363636363637,13.590909090909092
article_1451,14,0.78831834,1.0,1.0,0.7857142857142857,66.71428571428571,16.678571428571427
article_0520,17,0.7880793,1.0,1.0,0.7058823529411765,62.76470588235294,15.82843137254902
article_0242,10,0.7871326,0.99999845,1.0,0.7,51.0,12.75
article_1576,23,0.78699917,0.98067415,1.0,0.6521739130434783,54.47826086956522,13.637681159420291
article_0321,21,0.7869961,0.9992625,1.0,0.7619047619047619,62.23809523809524,15.55952380952381
article_0550,12,0.7867519,0.9999938,1.0,0.6666666666666666,52.916666666666664,13.229166666666666
article_1399,13,0.78629553,0.99646175,1.0,0.6153846153846154,56.84615384615385,14.211538461538462
article_0029,26,0.78570527,0.9970027,1.0,0.6923076923076923,72.8076923076923,18.28205128205128
article_1052,17,0.7848634,0.9538579,1.0,0.6470588235294118,58.94117647058823,15.019607843137255
article_0944,12,0.78438276,0.9139745,1.0,0.5833333333333334,53.25,13.3125
article_1112,15,0.7839668,0.9999993,1.0,0.7333333333333333,69.26666666666667,17.35
article_0773,9,0.78357697,1.0,1.0,0.7777777777777778,57.0,14.25
article_1273,9,0.7835081,0.99985915,1.0,0.7777777777777778,61.111111111111114,15.277777777777779
article_0267,12,0.78201413,1.0,1.0,0.75,59.5,14.979166666666666
article_1137,16,0.7819164,0.9999701,1.0,0.75,42.25,10.5625
article_0736,10,0.78161174,0.99997795,1.0,0.7,60.7,15.391666666666666
article_0442,11,0.7813986,0.9942591,1.0,0.7272727272727273,52.36363636363637,13.090909090909092
article_0865,12,0.7810076,0.97961277,1.0,0.6666666666666666,55.0,13.75
article_1270,9,0.7808393,0.9990621,1.0,0.7777777777777778,43.22222222222222,10.805555555555555
article_1308,10,0.7804886,0.99995303,1.0,0.7,73.6,18.4
article_0925,10,0.78048855,0.98539317,1.0,0.8,57.2,14.3
article_1201,9,0.78010267,1.0,1.0,0.7777777777777778,62.77777777777778,15.694444444444445
article_0006,23,0.77912444,0.9977307,1.0,0.6956521739130435,36.30434782608695,9.076086956521738
article_1023,5,0.7789654,0.9932846,1.0,0.8,79.2,19.8
article_1253,17,0.77891046,0.99963725,1.0,0.7647058823529411,53.05882352941177,13.264705882352942
article_1339,12,0.77771765,1.0,1.0,0.6666666666666666,54.916666666666664,13.729166666666666
article_0573,15,0.7765475,0.9999009,1.0,0.7333333333333333,74.73333333333333,18.683333333333334
article_0165,6,0.77628976,0.99383765,0.99999994,0.6666666666666666,62.0,16.22222222222222
article_1336,7,0.7760808,1.0,1.0,0.7142857142857143,80.14285714285714,20.035714285714285
article_0246,13,0.77567554,0.99922305,1.0,0.6923076923076923,49.46153846153846,12.455128205128204
article_1029,20,0.77543366,0.93764967,1.0,0.6,52.9,13.225
article_1225,23,0.7746679,0.97149754,1.0,0.6956521739130435,64.56521739130434,16.141304347826086
article_0005,15,0.77463233,0.99953955,1.0,0.7333333333333333,76.33333333333333,19.083333333333332
article_0284,17,0.7742548,0.99681884,1.0,0.7647058823529411,42.88235294117647,10.720588235294118
article_1274,8,0.77402943,0.99595976,1.0,0.75,52.0,13.0
article_1027,10,0.7739722,0.9995699,1.0,0.7,66.9,17.158333333333335
article_0917,6,0.7738202,1.0,1.0,0.6666666666666666,66.16666666666667,16.541666666666668
article_1444,12,0.7726257,0.968515,1.0,0.6666666666666666,43.583333333333336,11.326388888888888
article_0214,20,0.77257925,0.9998404,1.0,0.65,58.6,14.65
article_1232,16,0.77074265,0.9999785,1.0,0.625,66.0,16.5
article_1582,16,0.7697366,0.9999423,1.0,0.6875,51.0,12.770833333333334
article_1254,7,0.769522,1.0,1.0,0.5714285714285714,71.42857142857143,17.857142857142858
article_1098,13,0.7684679,1.0,1.0,0.6923076923076923,36.84615384615385,9.211538461538462
article_0633,14,0.7678213,0.99996173,1.0,0.6428571428571429,63.92857142857143,16.363095238095237
article_0474,8,0.7675588,0.98584497,1.0,0.75,67.0,17.322916666666668
article_0681,11,0.76748616,0.99941224,1.0,0.6363636363636364,60.27272727272727,15.484848484848486
article_0398,19,0.76732695,0.99945915,1.0,0.6842105263157895,62.89473684210526,15.899122807017543
article_0958,10,0.7665166,0.918911,1.0,0.6,59.0,14.75
article_1158,11,0.76644874,1.0,1.0,0.6363636363636364,57.72727272727273,14.833333333333332
article_0295,37,0.76617193,0.9896326,1.0,0.6756756756756757,75.16216216216216,18.79054054054054
article_0466,13,0.7656511,0.9999999,1.0,0.6923076923076923,59.53846153846154,14.884615384615385
article_1100,8,0.7654581,1.0,1.0,0.625,77.875,19.46875
article_1067,13,0.765161,0.9930144,1.0,0.6153846153846154,95.15384615384616,23.78846153846154
article_1167,14,0.7651178,0.99659,1.0,0.6428571428571429,64.78571428571429,16.196428571428573
article_0943,14,0.7650716,0.99999344,1.0,0.7142857142857143,55.07142857142857,13.767857142857142
article_0718,11,0.76502854,0.97514397,1.0,0.7272727272727273,67.0,17.196969696969695
article_1204,8,0.76483285,1.0,1.0,0.75,60.375,15.59375
article_1597,17,0.76474494,0.9967903,1.0,0.7647058823529411,74.0,18.5
article_0826,14,0.76443684,0.9358125,1.0,0.7142857142857143,47.357142857142854,11.839285714285714
article_0828,8,0.7642089,0.98793095,1.0,0.75,60.75,15.1875
article_0531,22,0.764171,0.96926486,1.0,0.6363636363636364,42.77272727272727,10.693181818181818
article_0243,19,0.7640863,0.9987285,1.0,0.6842105263157895,37.31578947368421,9.328947368421053
article_0738,24,0.76398116,0.9988742,1.0,0.6666666666666666,63.083333333333336,15.770833333333334
article_0364,13,0.76342624,0.999999,1.0,0.6923076923076923,57.15384615384615,14.576923076923077
article_0942,14,0.76316655,0.9990698,1.0,0.7142857142857143,74.85714285714286,18.714285714285715
article_1607,11,0.7626426,0.99999857,1.0,0.7272727272727273,52.72727272727273,13.181818181818182
article_0800,11,0.76261526,0.9956503,1.0,0.6363636363636364,70.36363636363636,17.59090909090909
article_0348,12,0.7622765,0.99985313,1.0,0.6666666666666666,71.75,18.1875
article_0765,12,0.76224214,0.9940937,1.0,0.6666666666666666,93.75,23.4375
article_0695,31,0.761324,0.9691449,1.0,0.6451612903225806,38.67741935483871,9.701612903225806
article_0971,13,0.7608038,0.9996931,1.0,0.7692307692307693,65.46153846153847,16.365384615384617
article_1060,14,0.7606819,0.91414785,1.0,0.6428571428571429,75.57142857142857,19.291666666666664
article_0018,12,0.759723,0.99999934,1.0,0.6666666666666666,58.916666666666664,14.729166666666666
article_0772,28,0.75906837,0.9985521,1.0,0.75,45.75,11.532738095238097
article_0156,19,0.7589075,0.99900126,1.0,0.631578947368421,48.26315789473684,12.06578947368421
article_0464,21,0.75873774,0.98509437,1.0,0.6666666666666666,36.857142857142854,9.214285714285714
article_0961,10,0.7584008,1.0,1.0,0.7,48.2,12.05
article_1531,33,0.7579026,0.9866243,1.0,0.6666666666666666,55.57575757575758,13.893939393939394
article_1398,12,0.7577444,0.99601847,1.0,0.75,47.0,12.118055555555555
article_0371,10,0.7577199,0.9927031,1.0,0.7,74.9,18.725
article_0415,8,0.75768566,0.97996974,1.0,0.625,73.625,18.40625
article_0502,9,0.75750375,0.9459377,0.99999994,0.6666666666666666,70.66666666666667,18.12962962962963
article_0433,13,0.7571696,0.9984194,1.0,0.6923076923076923,65.53846153846153,16.384615384615383
article_1252,15,0.75557214,0.9976774,1.0,0.7333333333333333,57.06666666666667,14.266666666666667
article_0620,8,0.7554889,0.9999968,1.0,0.75,61.75,15.4375
article_1056,6,0.75520056,0.99308366,1.0,0.6666666666666666,83.5,20.875
article_0857,10,0.7551002,0.99958706,0.99999946,0.7,61.4,15.758333333333335
article_0923,18,0.7550239,0.9996561,1.0,0.6666666666666666,38.27777777777778,9.569444444444445
article_1456,8,0.7550047,0.99976575,1.0,0.75,60.0,15.5625
article_1546,23,0.75423646,0.91360056,1.0,0.6086956521739131,64.73913043478261,16.184782608695652
article_0074,12,0.75413865,0.990178,1.0,0.75,53.083333333333336,13.631944444444445
article_1140,5,0.754052,1.0,1.0,0.6,89.6,22.4
article_0050,9,0.7526587,0.8988205,0.9999928,0.6666666666666666,66.44444444444444,17.76851851851852
article_1414,8,0.7526555,0.9983039,1.0,0.75,61.5,15.375
article_0507,35,0.75173265,0.98469955,1.0,0.7428571428571429,64.65714285714286,16.164285714285715
article_0368,25,0.75166667,0.98831964,1.0,0.72,41.88,10.47
article_0344,10,0.7515196,0.95389146,1.0,0.6,78.3,19.575
article_1050,5,0.7511762,0.8661012,0.99999857,0.6,114.0,28.5
article_1324,14,0.7509672,0.9983456,1.0,0.7142857142857143,40.857142857142854,10.214285714285714
article_0130,10,0.7509173,0.9961528,1.0,0.7,46.7,11.675
article_1337,7,0.75020283,0.9999995,1.0,0.7142857142857143,70.0,17.5
article_1057,12,0.74982184,0.9984372,1.0,0.6666666666666666,100.41666666666667,25.104166666666668
article_0905,13,0.749793,0.9966261,1.0,0.6923076923076923,55.69230769230769,13.923076923076923
article_1536,14,0.7492684,0.9995486,1.0,0.6428571428571429,60.357142857142854,15.089285714285714
article_0467,15,0.74890554,0.99990904,1.0,0.7333333333333333,46.333333333333336,11.583333333333334
article_0618,19,0.7485121,0.9969992,1.0,0.6842105263157895,47.36842105263158,11.842105263157896
article_0965,15,0.7474788,0.999944,1.0,0.7333333333333333,46.4,11.944444444444445
article_0616,17,0.74743336,0.8600697,1.0,0.5882352941176471,59.588235294117645,14.897058823529411
article_0539,25,0.7473114,0.99981356,1.0,0.64,57.08,14.27
article_1283,12,0.74713725,0.9305991,1.0,0.6666666666666666,55.666666666666664,13.916666666666666
article_0565,15,0.74659103,0.9999971,1.0,0.6666666666666666,49.666666666666664,12.416666666666666
article_0055,12,0.74641925,0.96543026,1.0,0.5833333333333334,39.916666666666664,9.979166666666666
article_1093,8,0.7464104,0.92639387,1.0,0.75,57.0,14.25
article_0623,11,0.7462814,1.0,1.0,0.7272727272727273,53.27272727272727,13.969696969696969
article_1005,11,0.74624366,0.99999994,1.0,0.7272727272727273,51.27272727272727,12.818181818181818
article_0355,10,0.74528074,0.9996926,1.0,0.7,70.7,17.675
article_1621,18,0.7451849,0.9980442,1.0,0.6666666666666666,59.22222222222222,14.805555555555555
article_0146,13,0.744423,1.0,1.0,0.6923076923076923,48.61538461538461,12.153846153846153
article_1450,12,0.7436197,0.9221158,1.0,0.75,47.5,11.875
article_1466,14,0.74338293,0.99990964,1.0,0.6428571428571429,61.0,15.25
article_0517,14,0.74333304,0.9204205,0.99999976,0.6428571428571429,55.714285714285715,13.928571428571429
article_0823,13,0.74331725,0.9995638,1.0,0.6153846153846154,58.92307692307692,14.73076923076923
article_1266,7,0.74296284,0.9992862,0.9999999,0.7142857142857143,57.142857142857146,14.654761904761903
article_0692,11,0.74231166,1.0,1.0,0.6363636363636364,53.27272727272727,13.318181818181818
article_0053,58,0.7413565,0.9754993,1.0,0.6379310344827587,76.03448275862068,19.132183908045977
article_0911,11,0.74067175,1.0,1.0,0.7272727272727273,55.27272727272727,13.886363636363637
article_0878,11,0.74041265,0.9999949,1.0,0.6363636363636364,57.18181818181818,14.492424242424242
article_1265,17,0.7397901,0.99938446,1.0,0.7058823529411765,59.23529411764706,14.808823529411764
article_0949,11,0.73922616,0.9988952,1.0,0.6363636363636364,61.27272727272727,15.318181818181818
article_1319,13,0.739177,0.9964731,1.0,0.5384615384615384,44.61538461538461,11.153846153846153
article_0347,13,0.73908365,0.9710567,1.0,0.6923076923076923,59.23076923076923,14.993589743589743
article_1049,17,0.7384113,0.9997684,1.0,0.5882352941176471,47.05882352941177,11.764705882352942
article_0832,12,0.7381129,0.9929228,1.0,0.6666666666666666,63.166666666666664,15.791666666666666
article_0118,9,0.7375931,0.997537,1.0,0.6666666666666666,66.22222222222223,16.555555555555557
article_1082,9,0.73741406,0.9999993,1.0,0.6666666666666666,57.333333333333336,14.481481481481483
article_0187,17,0.73723555,0.9993751,1.0,0.6470588235294118,65.82352941176471,16.455882352941178
article_0610,19,0.73632985,0.96591735,1.0,0.631578947368421,60.73684210526316,15.302631578947368
article_0940,14,0.73632205,0.9991723,1.0,0.7142857142857143,62.0,15.696428571428571
article_0864,11,0.73541903,0.9784812,1.0,0.5454545454545454,64.27272727272727,16.068181818181817
article_0973,10,0.7352626,0.94940984,1.0,0.6,72.7,18.175
article_0305,16,0.73497075,0.95244414,1.0,0.625,52.3125,13.078125
article_1257,9,0.734853,1.0,1.0,0.6666666666666666,74.88888888888889,18.72222222222222
article_1380,8,0.73476917,0.99601394,1.0,0.625,74.5,19.0
article_0755,13,0.7343912,0.97427875,1.0,0.6923076923076923,41.84615384615385,10.461538461538462
article_0596,18,0.73374873,0.97842824,1.0,0.6666666666666666,55.22222222222222,13.805555555555555
article_0811,7,0.73322296,0.99977267,1.0,0.5714285714285714,59.714285714285715,15.666666666666668
article_0644,19,0.7332151,0.9976385,1.0,0.5789473684210527,43.473684210526315,10.868421052631579
article_1427,13,0.7315255,0.9950092,1.0,0.6153846153846154,49.07692307692308,12.26923076923077
article_0892,13,0.7308163,0.9945896,1.0,0.6153846153846154,42.61538461538461,10.653846153846153
article_0570,12,0.7306941,0.996995,1.0,0.6666666666666666,78.0,19.916666666666668
article_0158,12,0.73049515,0.9909822,1.0,0.6666666666666666,62.583333333333336,15.645833333333334
article_1268,9,0.7304524,0.9999999,1.0,0.6666666666666666,57.666666666666664,14.416666666666666
article_0568,16,0.73001665,0.999531,1.0,0.6875,42.375,10.59375
article_0334,10,0.73001254,0.9967624,1.0,0.6,60.2,15.05
article_0052,11,0.7299961,0.9902226,1.0,0.6363636363636364,69.45454545454545,17.424242424242422
article_1161,14,0.7295751,0.9976824,1.0,0.6428571428571429,73.07142857142857,18.410714285714285
article_1149,13,0.72814995,0.9993041,1.0,0.6153846153846154,51.30769230769231,12.826923076923077
article_1223,10,0.727878,0.97883844,1.0,0.7,53.4,13.35
article_0087,4,0.72556853,0.7280759,1.0,0.5,73.25,18.3125
article_1436,7,0.7248868,1.0,1.0,0.7142857142857143,53.285714285714285,13.321428571428571
article_1509,7,0.7244911,0.9999977,1.0,0.7142857142857143,85.71428571428571,21.428571428571427
article_1296,22,0.72367996,0.97337365,1.0,0.5454545454545454,44.09090909090909,11.022727272727273
article_0762,15,0.72351724,0.9957687,1.0,0.6666666666666666,62.86666666666667,15.716666666666667
article_1563,14,0.7230443,0.9999051,1.0,0.5714285714285714,52.07142857142857,13.017857142857142
article_0014,13,0.7229965,0.9999997,1.0,0.6153846153846154,49.15384615384615,12.384615384615385
article_1263,16,0.72286046,0.9719088,1.0,0.625,60.4375,15.109375
article_0117,12,0.7226693,0.9847847,1.0,0.6666666666666666,97.16666666666667,24.291666666666668
article_1483,30,0.72239596,0.972455,1.0,0.6666666666666666,60.8,15.2
article_0326,7,0.72226465,0.98716074,1.0,0.5714285714285714,77.85714285714286,20.261904761904763
article_0667,10,0.72149867,0.99996936,1.0,0.7,46.2,11.641666666666667
article_0195,11,0.72145504,0.99976856,1.0,0.6363636363636364,73.54545454545455,18.386363636363637
article_0115,20,0.72061974,0.9943537,1.0,0.65,75.1,18.775
article_0191,33,0.7203102,0.98800665,1.0,0.6666666666666666,88.87878787878788,22.444444444444443
article_1497,21,0.72026664,0.9974429,1.0,0.6666666666666666,76.04761904761905,19.011904761904763
article_1448,11,0.7201177,0.9992937,1.0,0.6363636363636364,50.81818181818182,12.704545454545455
article_0805,8,0.72004575,0.9998722,1.0,0.625,41.0,10.25
article_1562,13,0.71981674,0.9990925,1.0,0.6923076923076923,61.53846153846154,15.76923076923077
article_1267,9,0.7189715,0.9961518,1.0,0.6666666666666666,39.333333333333336,9.833333333333334
article_0901,3,0.71856874,0.92229974,0.9999257,0.6666666666666666,99.33333333333333,24.833333333333332
article_0724,13,0.71849823,0.87855643,1.0,0.5384615384615384,49.15384615384615,12.307692307692308
article_0016,16,0.7182481,0.9999977,1.0,0.6875,40.125,10.03125
article_0821,11,0.7177737,0.99999994,1.0,0.7272727272727273,60.90909090909091,15.227272727272727
article_0968,20,0.7176043,0.85669494,1.0,0.65,80.7,20.175
article_0554,14,0.71625906,0.9158101,1.0,0.6428571428571429,47.92857142857143,11.982142857142858
article_0553,17,0.71615446,0.99999994,1.0,0.7058823529411765,52.8235294117647,13.205882352941176
article_1187,24,0.71578956,0.99366516,1.0,0.5833333333333334,45.208333333333336,11.302083333333334
article_1241,14,0.7152391,0.99862,1.0,0.6428571428571429,69.92857142857143,17.482142857142858
article_1350,19,0.7147717,0.99437904,1.0,0.6842105263157895,52.73684210526316,13.18421052631579
article_0151,13,0.7146372,0.9998672,1.0,0.6153846153846154,49.15384615384615,12.288461538461538
article_0388,19,0.7141725,0.9771717,1.0,0.6842105263157895,61.05263157894737,15.263157894736842
article_1375,15,0.71333617,0.95376605,1.0,0.6,40.93333333333333,10.433333333333334
article_1431,9,0.71323735,0.9842957,1.0,0.6666666666666666,55.0,13.75
article_1210,21,0.7128955,0.92096,1.0,0.5714285714285714,47.61904761904762,11.964285714285714
article_0067,13,0.71278954,0.83626145,1.0,0.5384615384615384,58.07692307692308,14.51923076923077
article_1125,26,0.7123067,0.99286914,1.0,0.6538461538461539,62.61538461538461,15.653846153846153
article_1061,30,0.7116133,0.9759767,1.0,0.6,70.8,17.7
article_0232,17,0.71083117,0.99996716,1.0,0.6470588235294118,55.35294117647059,13.857843137254903
article_0408,16,0.71022767,0.9999807,1.0,0.6875,70.125,17.692708333333332
article_1589,9,0.7101928,0.9971116,1.0,0.6666666666666666,69.77777777777777,18.166666666666668
article_1211,9,0.7099851,0.9267997,1.0,0.6666666666666666,61.55555555555556,15.38888888888889
article_0819,19,0.70982075,0.99986863,1.0,0.6842105263157895,41.10526315789474,10.276315789473685
article_0846,8,0.7097173,0.9210045,1.0,0.625,73.25,18.3125
article_0896,6,0.7093916,0.99998224,1.0,0.6666666666666666,60.833333333333336,15.208333333333334
article_1579,21,0.70911723,0.9972694,1.0,0.6190476190476191,32.0,8.0
article_0630,10,0.7089024,0.9998783,1.0,0.7,67.7,16.925
article_0329,12,0.7087756,0.99999964,1.0,0.6666666666666666,61.666666666666664,15.416666666666666
article_1557,20,0.7084419,0.9940615,1.0,0.7,49.65,12.479166666666668
article_0270,15,0.7080371,0.9998929,1.0,0.6666666666666666,48.733333333333334,12.183333333333334
article_1131,7,0.7073981,0.99905187,1.0,0.5714285714285714,69.42857142857143,17.357142857142858
article_0759,11,0.70728457,0.9346515,1.0,0.5454545454545454,51.90909090909091,12.977272727272727
article_1141,15,0.70718616,0.9997031,1.0,0.6666666666666666,37.6,9.4
article_1155,11,0.70691115,0.99999815,1.0,0.6363636363636364,77.63636363636364,20.0
article_0825,10,0.70688224,0.99947673,1.0,0.7,46.3,11.575
article_1285,16,0.70673585,0.95670974,1.0,0.6875,46.0,11.5
article_0512,14,0.70610136,0.9471767,1.0,0.5714285714285714,66.71428571428571,16.875
article_1290,27,0.7057122,0.98666084,1.0,0.6296296296296297,50.333333333333336,12.583333333333334
article_1215,15,0.70511836,0.9921362,1.0,0.6666666666666666,60.0,15.0
article_0288,9,0.70502,1.0,1.0,0.6666666666666666,58.333333333333336,15.222222222222221
article_1124,21,0.70396316,0.9642494,1.0,0.5714285714285714,54.76190476190476,13.69047619047619
article_0409,27,0.7030358,0.8139962,1.0,0.5185185185185185,51.2962962962963,12.824074074074074
article_1243,13,0.7027057,0.8699408,1.0,0.5384615384615384,47.46153846153846,11.865384615384615
article_0083,16,0.70260924,0.98991984,1.0,0.625,66.375,16.59375
article_0913,6,0.7024286,0.9814429,1.0,0.6666666666666666,93.16666666666667,23.291666666666668
article_0405,14,0.70153075,0.9826903,1.0,0.6428571428571429,46.285714285714285,11.571428571428571
article_1543,11,0.70036983,0.9959371,1.0,0.6363636363636364,68.54545454545455,17.136363636363637
article_1072,17,0.70028126,0.9088957,1.0,0.5882352941176471,31.41176470588235,7.852941176470588
article_1454,6,0.7000633,0.991948,1.0,0.6666666666666666,63.5,15.944444444444445
article_0299,11,0.69914836,0.90588593,1.0,0.6363636363636364,61.0,15.765151515151514
article_0685,17,0.6991331,0.9405691,1.0,0.5882352941176471,64.23529411764706,16.058823529411764
article_0154,13,0.69845635,0.98694617,1.0,0.6153846153846154,53.46153846153846,13.365384615384615
article_1280,19,0.69842345,0.99938333,1.0,0.631578947368421,59.36842105263158,14.842105263157896
article_0613,11,0.69790494,0.98677415,1.0,0.6363636363636364,86.81818181818181,21.704545454545453
article_0397,24,0.6977885,0.97895986,1.0,0.6666666666666666,64.0,16.0
article_1178,18,0.6976853,0.9316988,1.0,0.5555555555555556,44.72222222222222,11.180555555555555
article_1059,12,0.69765097,0.89246315,1.0,0.5,63.5,15.875
article_0936,12,0.69704264,0.9901628,1.0,0.6666666666666666,67.83333333333333,16.958333333333332
article_1036,20,0.6961957,0.99994695,1.0,0.65,55.1,13.775
article_1548,26,0.69606376,0.9633443,1.0,0.5769230769230769,48.15384615384615,12.102564102564104
article_1533,18,0.69602937,0.90799934,1.0,0.5555555555555556,39.72222222222222,9.972222222222221
article_0210,45,0.6956807,0.9980328,1.0,0.6,69.95555555555555,17.488888888888887
article_1426,15,0.69512385,0.99879473,1.0,0.6666666666666666,41.6,10.4
article_1311,20,0.6945649,0.92895,1.0,0.55,47.5,11.95
article_0757,17,0.6943404,0.87875545,1.0,0.5882352941176471,55.76470588235294,14.024509803921568
article_0642,48,0.69199353,0.98745906,1.0,0.6458333333333334,62.875,15.71875
article_0729,11,0.69190574,0.9609374,0.99999994,0.6363636363636364,90.63636363636364,22.65909090909091
article_1386,20,0.6914006,0.9988031,1.0,0.55,37.9,9.520833333333332
article_1619,31,0.69087595,0.9261318,1.0,0.6451612903225806,58.12903225806452,14.548387096774194
article_0914,17,0.6890205,0.9995275,1.0,0.6470588235294118,35.35294117647059,9.029411764705882
article_1600,9,0.6885488,0.94650614,1.0,0.5555555555555556,66.77777777777777,16.694444444444443
article_0687,19,0.6873451,0.99904186,1.0,0.5789473684210527,56.36842105263158,14.092105263157896
article_0954,12,0.6872573,0.78810275,1.0,0.5,82.16666666666667,20.541666666666668
article_1325,18,0.6865599,0.996579,1.0,0.6666666666666666,41.77777777777778,10.444444444444445
article_1571,14,0.6862706,0.9999999,1.0,0.6428571428571429,43.857142857142854,10.964285714285714
article_0931,14,0.6854915,0.9014147,1.0,0.6428571428571429,60.214285714285715,15.202380952380953
article_0622,19,0.68500185,0.84743047,1.0,0.5789473684210527,65.10526315789474,16.276315789473685
article_0750,14,0.6847411,0.89103997,1.0,0.5714285714285714,82.28571428571429,20.571428571428573
article_1176,27,0.68364763,0.99616987,1.0,0.6296296296296297,56.629629629629626,14.157407407407407
article_0558,14,0.6834083,0.9999392,1.0,0.6428571428571429,58.07142857142857,14.517857142857142
article_0822,9,0.6829517,0.9957042,1.0,0.6666666666666666,55.888888888888886,13.972222222222221
article_1303,13,0.68264955,0.87672025,1.0,0.5384615384615384,69.23076923076923,17.307692307692307
article_0153,13,0.6819543,0.90086234,1.0,0.6153846153846154,53.23076923076923,13.307692307692308
article_0534,19,0.68182343,0.9907791,1.0,0.5789473684210527,43.89473684210526,10.973684210526315
article_0003,26,0.68136877,0.9591621,1.0,0.6153846153846154,34.73076923076923,8.76602564102564
article_0142,12,0.6812343,1.0,1.0,0.6666666666666666,46.583333333333336,11.645833333333334
article_1501,12,0.68083256,0.9991566,1.0,0.5833333333333334,48.666666666666664,12.166666666666666
article_0459,7,0.6807123,0.8602216,1.0,0.5714285714285714,46.857142857142854,11.714285714285714
article_1214,18,0.68038493,0.98969555,1.0,0.5555555555555556,71.55555555555556,17.935185185185183
article_1282,12,0.6776095,0.96131164,1.0,0.5833333333333334,49.916666666666664,12.986111111111112
article_1188,21,0.6764264,0.91182446,1.0,0.5714285714285714,71.57142857142857,17.892857142857142
article_0374,19,0.6763686,0.97802955,1.0,0.5789473684210527,55.421052631578945,13.855263157894736
article_0818,16,0.6761018,0.984497,1.0,0.625,42.9375,10.734375
article_1162,18,0.67581904,0.99960005,1.0,0.6111111111111112,52.833333333333336,13.24537037037037
article_0235,24,0.67548966,0.9783993,1.0,0.625,48.833333333333336,12.208333333333334
article_0621,21,0.67547274,0.961692,1.0,0.5714285714285714,59.04761904761905,14.761904761904763
article_1540,42,0.6752451,0.98200405,1.0,0.6190476190476191,43.76190476190476,10.94047619047619
article_0704,20,0.67480016,0.95651454,1.0,0.55,39.65,9.9125
article_1030,42,0.67369205,0.97710085,1.0,0.6666666666666666,62.88095238095238,15.720238095238095
article_0810,16,0.6735908,0.9911704,1.0,0.625,74.75,19.197916666666668
article_0909,16,0.6733148,0.9124069,1.0,0.5625,43.8125,10.953125
article_0693,15,0.67293936,0.99995065,1.0,0.6,64.73333333333333,16.27777777777778
article_0234,20,0.67182815,0.9982944,1.0,0.6,38.7,9.675
article_1511,15,0.67169195,0.97388875,1.0,0.5333333333333333,47.333333333333336,11.833333333333334
article_1615,10,0.671493,0.8692826,0.9999949,0.5,52.6,13.85
article_0434,14,0.67099005,0.9981721,1.0,0.6428571428571429,72.35714285714286,18.089285714285715
article_1172,19,0.6709537,0.86203396,1.0,0.5789473684210527,64.73684210526316,16.18421052631579
article_0769,19,0.67090297,0.9994067,1.0,0.631578947368421,47.578947368421055,12.070175438596491
article_1159,12,0.66925997,0.85676515,1.0,0.5,59.583333333333336,14.895833333333334
article_0369,112,0.66857857,0.86674523,1.0,0.5446428571428571,34.8125,8.703125
article_1261,8,0.6681275,0.8380326,1.0,0.5,55.75,14.510416666666666
article_1126,31,0.66764534,0.9566985,1.0,0.5483870967741935,43.03225806451613,10.758064516129032
article_0138,12,0.6669822,0.9996171,1.0,0.5833333333333334,52.916666666666664,13.548611111111112
article_1389,28,0.6663248,0.925692,1.0,0.5357142857142857,30.571428571428573,7.642857142857143
article_0477,16,0.66623014,0.8162875,1.0,0.5,46.0,11.5
article_1307,17,0.66600305,0.9245307,1.0,0.5294117647058824,57.23529411764706,14.308823529411764
article_1138,9,0.6657713,0.9849642,1.0,0.5555555555555556,54.55555555555556,13.63888888888889
article_0086,7,0.6657215,0.9999803,1.0,0.5714285714285714,73.14285714285714,18.285714285714285
article_1500,11,0.6642565,0.9999981,1.0,0.6363636363636364,65.0,16.59090909090909
article_1007,17,0.66420317,0.9999703,1.0,0.5882352941176471,44.470588235294116,11.338235294117647
article_0682,23,0.6634251,0.7756029,1.0,0.4782608695652174,49.56521739130435,12.391304347826088
article_0571,22,0.66259855,0.89042294,1.0,0.5909090909090909,52.59090909090909,13.147727272727273
article_0438,12,0.66180795,0.9862995,1.0,0.5833333333333334,52.083333333333336,13.118055555555555
article_0904,13,0.6617451,0.94265085,1.0,0.5384615384615384,39.69230769230769,10.012820512820513
article_0845,11,0.66169107,0.9253239,1.0,0.5454545454545454,47.09090909090909,11.772727272727273
article_0114,19,0.66047984,0.910893,1.0,0.5789473684210527,56.526315789473685,14.131578947368421
article_0515,36,0.6599191,0.9519352,1.0,0.6111111111111112,35.69444444444444,8.981481481481481
article_0545,16,0.6592281,0.90968996,1.0,0.625,37.5,9.375
article_0367,21,0.6589745,0.90064865,1.0,0.5238095238095238,80.76190476190476,20.19047619047619
article_0389,19,0.65870535,0.87178135,1.0,0.5789473684210527,66.42105263157895,16.605263157894736
article_0207,28,0.6586854,0.8375957,1.0,0.5,78.42857142857143,19.607142857142858
article_0395,10,0.6578926,0.99111795,1.0,0.6,82.1,21.133333333333333
article_0213,18,0.6570052,0.8719936,1.0,0.5,53.44444444444444,13.421296296296298
article_1099,8,0.6568957,1.0,1.0,0.625,51.625,12.90625
article_1542,15,0.65603787,0.98469585,1.0,0.6,53.0,13.322222222222223
article_0340,8,0.65589607,0.80904484,1.0,0.5,80.5,20.125
article_0888,17,0.65531445,0.68377614,1.0,0.47058823529411764,49.1764705882353,12.294117647058824
article_0847,13,0.65527666,0.97614485,1.0,0.5384615384615384,42.92307692307692,10.73076923076923
article_0046,17,0.655102,0.7866702,1.0,0.47058823529411764,45.05882352941177,11.264705882352942
article_1148,13,0.65485674,0.97897637,1.0,0.5384615384615384,41.76923076923077,10.442307692307692
article_0171,16,0.6531243,0.8044505,1.0,0.5,38.875,9.71875
article_1535,19,0.65305716,0.9773476,1.0,0.5789473684210527,84.26315789473684,21.06578947368421
article_1075,30,0.6530357,0.7516429,1.0,0.43333333333333335,34.666666666666664,8.666666666666666
article_1288,19,0.6530332,0.93683934,1.0,0.5789473684210527,45.421052631578945,11.355263157894736
article_0266,18,0.6528,0.91810626,1.0,0.5555555555555556,45.833333333333336,11.458333333333334
article_0663,9,0.6518091,0.99938446,1.0,0.5555555555555556,57.55555555555556,14.38888888888889
article_0952,10,0.6517124,0.89838624,1.0,0.6,72.8,18.2
article_0712,20,0.650751,0.9186555,1.0,0.55,53.1,13.275
article_0137,28,0.65062284,0.94969225,1.0,0.5357142857142857,49.92857142857143,12.482142857142858
article_1197,21,0.6505208,0.95632654,1.0,0.5714285714285714,40.57142857142857,10.142857142857142
article_0625,13,0.65039724,0.9999988,1.0,0.6153846153846154,51.69230769230769,13.358974358974358
article_1512,8,0.6503436,0.9996724,1.0,0.625,49.25,12.3125
article_1264,11,0.6502026,0.9986145,1.0,0.6363636363636364,68.0909090909091,17.022727272727273
article_1184,17,0.6500371,0.95567364,1.0,0.5882352941176471,49.05882352941177,12.264705882352942
article_1279,38,0.64995235,0.8310578,1.0,0.5,68.05263157894737,17.013157894736842
article_0335,20,0.6488865,0.8819557,1.0,0.55,72.25,18.0625
article_0714,11,0.64883286,0.99993044,1.0,0.6363636363636364,69.45454545454545,17.363636363636363
article_0820,18,0.6483915,0.88236797,1.0,0.5555555555555556,34.888888888888886,8.814814814814815
article_0651,9,0.6476388,0.959524,1.0,0.5555555555555556,39.666666666666664,9.916666666666666
article_0093,26,0.6475815,0.84422314,1.0,0.5,35.69230769230769,9.006410256410255
article_0929,6,0.6467335,0.79085195,0.99999994,0.5,60.5,15.125
article_1278,12,0.64671314,0.98117495,1.0,0.5833333333333334,62.666666666666664,15.666666666666666
article_0638,28,0.6466373,0.90198594,1.0,0.5357142857142857,54.82142857142857,13.705357142857142
article_0399,19,0.6463871,0.9611377,1.0,0.5789473684210527,72.6842105263158,18.17105263157895
article_0572,20,0.6456708,0.89981973,1.0,0.55,78.35,19.5875
article_0530,35,0.64546156,0.83136755,1.0,0.5142857142857142,37.48571428571429,9.371428571428572
article_1000,8,0.6452543,0.9999982,1.0,0.625,67.875,17.708333333333332
article_0527,18,0.64510566,0.9210963,1.0,0.6111111111111112,50.5,12.625
article_0897,18,0.64372545,0.8292106,1.0,0.5,30.0,7.5
article_0139,20,0.6436501,0.9648686,1.0,0.6,39.4,9.85
article_1018,12,0.6430436,0.8932541,1.0,0.5833333333333334,74.5,18.625
article_1128,29,0.64267784,0.7194213,1.0,0.4482758620689655,59.96551724137931,14.991379310344827
article_0734,18,0.6424962,0.9999995,1.0,0.6111111111111112,46.333333333333336,11.583333333333334
article_0500,2,0.6424354,0.6424354,0.9999999,0.5,60.0,15.0
article_0697,21,0.640549,0.9211308,1.0,0.5714285714285714,45.80952380952381,11.452380952380953
article_0081,10,0.6402006,0.8240019,1.0,0.6,60.0,15.25
article_1177,17,0.64011544,0.97570753,1.0,0.5882352941176471,40.1764705882353,10.044117647058824
article_1418,14,0.63939536,0.8030699,1.0,0.5,48.214285714285715,12.053571428571429
article_0600,15,0.6390827,0.7614276,1.0,0.4666666666666667,55.13333333333333,13.783333333333333
article_1164,24,0.6389296,0.8908249,1.0,0.5833333333333334,56.25,14.0625
article_0871,12,0.638671,0.99721706,1.0,0.5833333333333334,48.583333333333336,12.486111111111112
article_1417,6,0.63770604,0.8094511,1.0,0.5,64.33333333333333,16.083333333333332
article_0611,14,0.63761663,0.9133205,1.0,0.5714285714285714,48.642857142857146,12.160714285714286
article_0577,17,0.63691205,0.9997841,1.0,0.5882352941176471,47.529411764705884,12.21078431372549
article_0119,11,0.63654274,0.9913883,1.0,0.5454545454545454,74.45454545454545,18.613636363636363
article_0103,14,0.6363836,0.6710059,1.0,0.42857142857142855,78.07142857142857,19.517857142857142
article_1173,17,0.63622767,0.84370637,1.0,0.5294117647058824,46.35294117647059,11.588235294117647
article_0172,10,0.6362137,0.78980947,1.0,0.5,40.3,10.075
article_1530,21,0.63567555,0.9707583,1.0,0.5238095238095238,55.476190476190474,13.869047619047619
article_0346,14,0.6356315,0.96381783,1.0,0.6428571428571429,56.0,14.226190476190476
article_0339,10,0.63562196,0.71533245,1.0,0.5,62.3,16.133333333333333
article_0324,23,0.6356154,0.98949957,1.0,0.5652173913043478,36.82608695652174,9.206521739130435
article_0922,17,0.63461953,0.9943091,1.0,0.5882352941176471,40.64705882352941,10.161764705882353
article_0144,11,0.633562,1.0,1.0,0.6363636363636364,45.45454545454545,11.363636363636363
article_0519,20,0.6326749,0.9766352,1.0,0.55,55.8,13.95
article_1248,22,0.63210773,0.9868924,1.0,0.5454545454545454,51.31818181818182,12.829545454545455
article_0774,20,0.6319673,0.99280477,1.0,0.6,53.8,13.45
article_0215,8,0.63194823,0.5950149,0.99991304,0.375,69.625,17.40625
article_0330,29,0.63133705,0.99678284,1.0,0.5862068965517241,42.86206896551724,10.71551724137931
article_0100,26,0.63089937,0.9201067,0.9999999,0.5769230769230769,61.34615384615385,15.336538461538462
article_1047,18,0.6307722,0.97981834,1.0,0.5555555555555556,36.5,9.125
article_0256,10,0.6307681,0.99944866,1.0,0.6,53.3,13.325
article_1242,14,0.6307449,0.84808075,1.0,0.5714285714285714,42.214285714285715,10.553571428571429
article_0890,13,0.6306991,0.9996598,1.0,0.6153846153846154,54.0,13.5
article_0601,14,0.6299743,0.9854219,1.0,0.5714285714285714,52.642857142857146,13.226190476190476
article_0084,17,0.6263969,0.64343345,1.0,0.47058823529411764,41.294117647058826,10.323529411764707
article_1561,22,0.6263105,0.874009,1.0,0.5454545454545454,49.27272727272727,12.318181818181818
article_0332,10,0.626091,0.9351778,1.0,0.6,75.7,18.925
article_0316,35,0.6258319,0.8680685,1.0,0.5428571428571428,53.48571428571429,13.371428571428572
article_0240,10,0.6254787,0.96253383,1.0,0.6,60.5,15.125
article_0120,30,0.62484837,0.7955539,1.0,0.5,93.13333333333334,23.283333333333335
article_1262,10,0.62461394,0.8555902,1.0,0.6,56.4,14.1
article_0746,17,0.62380725,0.92523104,1.0,0.5294117647058824,80.76470588235294,20.191176470588236
article_0933,7,0.62363994,0.6467255,1.0,0.42857142857142855,74.85714285714286,18.714285714285715
article_0953,21,0.62340957,0.8678245,1.0,0.5714285714285714,39.285714285714285,9.821428571428571
article_0960,18,0.6229994,0.9406463,1.0,0.6111111111111112,40.333333333333336,10.083333333333334
article_1304,24,0.6224503,0.93334633,1.0,0.5416666666666666,46.083333333333336,11.520833333333334
article_0458,10,0.62244,0.61258423,1.0,0.4,43.0,10.75
article_0595,17,0.6219669,0.96014345,1.0,0.5294117647058824,55.588235294117645,13.897058823529411
article_0804,6,0.6214184,0.7988565,1.0,0.5,62.166666666666664,15.541666666666666
article_0030,25,0.620912,0.89520067,1.0,0.56,44.12,11.03
article_1033,63,0.62076813,0.7589918,1.0,0.47619047619047616,55.095238095238095,13.773809523809524
article_0015,20,0.62051713,0.68023646,1.0,0.45,35.7,8.925
article_0455,6,0.6204011,0.819081,0.9999998,0.5,59.666666666666664,14.916666666666666
article_1408,20,0.6200189,0.9985677,1.0,0.55,45.05,11.308333333333334
article_0816,21,0.6196324,0.9230052,1.0,0.5714285714285714,43.333333333333336,10.833333333333334
article_1340,13,0.61927783,0.9270203,1.0,0.5384615384615384,72.46153846153847,18.51923076923077
article_0727,14,0.6184456,0.95201504,1.0,0.5714285714285714,48.92857142857143,12.232142857142858
article_0743,16,0.6184142,0.8916124,1.0,0.5625,42.9375,10.734375
article_0365,17,0.61802256,0.743948,0.99999994,0.47058823529411764,53.588235294117645,13.397058823529411
article_0186,13,0.61769325,0.874199,1.0,0.5384615384615384,46.61538461538461,11.653846153846153
article_1154,21,0.6152931,0.99542004,1.0,0.5238095238095238,41.95238095238095,10.488095238095237
article_1182,25,0.6149475,0.93997574,1.0,0.52,30.72,7.68
article_0253,11,0.6140327,0.723702,1.0,0.36363636363636365,44.63636363636363,11.159090909090908
article_0916,14,0.61377347,0.99918866,1.0,0.5714285714285714,40.785714285714285,10.505952380952381
article_1613,28,0.6126336,0.84227955,1.0,0.5,46.535714285714285,11.633928571428571
article_0450,19,0.6122547,0.67936003,1.0,0.42105263157894735,45.31578947368421,11.328947368421053
article_0824,14,0.611146,0.87879914,1.0,0.5,57.642857142857146,14.410714285714286
article_1150,6,0.6108418,0.7384305,1.0,0.5,67.33333333333333,17.583333333333332
article_1470,13,0.6103386,0.94160205,1.0,0.5384615384615384,53.46153846153846,13.474358974358974
article_0149,10,0.6100311,0.9888446,1.0,0.6,54.5,13.625
article_1006,20,0.609879,0.983284,1.0,0.55,45.5,11.391666666666667
article_0907,5,0.60977775,0.78175586,0.9995865,0.4,108.0,28.416666666666668
article_1318,7,0.60959196,0.5040677,0.9999994,0.42857142857142855,82.0,20.5
article_0328,15,0.60940355,0.93596375,1.0,0.5333333333333333,53.06666666666667,13.744444444444444
article_0643,24,0.6087776,0.89014983,1.0,0.5833333333333334,48.041666666666664,12.010416666666666
article_0775,16,0.60781026,0.6459808,1.0,0.3125,73.5625,18.390625
article_0608,17,0.6070267,0.9950879,1.0,0.5294117647058824,41.76470588235294,10.441176470588236
article_0841,7,0.6062871,1.0,1.0,0.5714285714285714,75.28571428571429,18.821428571428573
article_1549,38,0.60559195,0.872278,1.0,0.5263157894736842,49.973684210526315,12.493421052631579
article_0962,44,0.60552824,0.8635789,1.0,0.5227272727272727,65.77272727272727,16.443181818181817
article_1063,29,0.605403,0.8358437,1.0,0.5172413793103449,49.6551724137931,12.413793103448276
article_0123,12,0.60474914,0.729407,1.0,0.5,79.41666666666667,20.006944444444446
article_1544,25,0.604574,0.96165425,1.0,0.52,38.64,9.66
article_1260,14,0.60383123,0.70721793,0.9999999,0.5,63.285714285714285,15.821428571428571
article_0426,35,0.6037993,0.8531685,1.0,0.5428571428571428,78.02857142857142,19.507142857142856
article_0588,20,0.6037774,0.67403966,1.0,0.5,43.65,10.9125
article_1527,31,0.6028227,0.68867296,1.0,0.45161290322580644,46.74193548387097,11.712365591397848
article_0391,39,0.6027686,0.8777352,1.0,0.5128205128205128,41.94871794871795,10.487179487179487
article_0833,21,0.60268086,0.945422,1.0,0.5714285714285714,37.523809523809526,9.44047619047619
article_1186,39,0.601833,0.6639,1.0,0.38461538461538464,30.0,7.5
article_1051,20,0.60180044,0.7436358,1.0,0.5,39.85,9.9625
article_1011,5,0.6007086,0.79223025,0.99999857,0.4,89.0,22.25
article_1407,11,0.60039353,0.6729057,0.9999997,0.45454545454545453,55.18181818181818,13.795454545454545
article_0855,25,0.6001621,0.86987644,1.0,0.52,30.24,7.56
article_0585,11,0.59999746,0.7877868,1.0,0.45454545454545453,56.09090909090909,14.022727272727273
article_0918,20,0.5999012,0.8728306,1.0,0.55,42.35,10.5875
article_0095,29,0.5988411,0.9862053,1.0,0.5172413793103449,35.93103448275862,8.982758620689655
article_0837,10,0.5972689,0.8884539,1.0,0.5,46.9,12.391666666666667
article_0359,32,0.5971587,0.7756088,1.0,0.46875,42.25,10.697916666666666
article_1055,28,0.5955434,0.6141397,1.0,0.42857142857142855,42.464285714285715,10.616071428571429
article_0770,19,0.594869,0.9015968,1.0,0.5263157894736842,40.78947368421053,10.197368421052632
article_1553,27,0.5922207,0.8258548,0.9999999,0.5185185185185185,54.074074074074076,13.518518518518519
article_0661,21,0.5917396,0.9916776,1.0,0.5238095238095238,45.23809523809524,11.30952380952381
article_0650,11,0.5913408,0.72561496,1.0,0.45454545454545453,51.0,12.75
article_1343,54,0.5913329,0.6880047,1.0,0.42592592592592593,71.05555555555556,17.76388888888889
article_0543,21,0.59064806,0.98123,1.0,0.5714285714285714,45.61904761904762,11.404761904761905
article_0835,9,0.59045523,0.6350227,1.0,0.4444444444444444,74.66666666666667,19.314814814814817
article_0895,17,0.58863735,0.867685,1.0,0.5294117647058824,32.0,8.0
article_1219,22,0.58655757,0.8682078,1.0,0.5,45.22727272727273,11.306818181818182
article_0799,9,0.58563304,0.6416161,1.0,0.4444444444444444,69.44444444444444,17.36111111111111
article_1166,17,0.58505404,0.8704674,1.0,0.5294117647058824,49.1764705882353,12.294117647058824
article_0555,21,0.58485335,0.6404362,1.0,0.47619047619047616,40.333333333333336,10.083333333333334
article_0190,77,0.5840159,0.7163349,1.0,0.44155844155844154,73.77922077922078,18.444805194805195
article_0331,15,0.58385754,0.63320607,1.0,0.4666666666666667,58.8,15.072222222222223
article_0839,19,0.5836843,0.974936,1.0,0.5263157894736842,45.63157894736842,11.407894736842104
article_0582,16,0.5835145,0.98014975,1.0,0.5625,40.8125,10.213541666666666
article_0414,23,0.5821975,0.70536,0.9999999,0.4782608695652174,54.869565217391305,13.717391304347826
article_0899,14,0.5821627,0.99869144,1.0,0.5714285714285714,44.642857142857146,11.5
article_0481,16,0.5815278,0.98782355,1.0,0.5625,46.75,11.6875
article_0798,25,0.5811322,0.7025643,1.0,0.44,38.16,9.54
article_0675,16,0.5800596,0.81581664,1.0,0.5,46.875,11.776041666666666
article_1015,6,0.579942,0.66921425,1.0,0.3333333333333333,105.83333333333333,26.458333333333332
article_1073,25,0.57988095,0.82432353,1.0,0.52,47.04,11.76
article_1120,24,0.57924515,0.6329212,1.0,0.5,50.875,12.71875
article_1396,27,0.5791332,0.7701347,1.0,0.48148148148148145,33.370370370370374,8.342592592592593
article_1585,24,0.5778806,0.97221315,1.0,0.5416666666666666,41.0,10.260416666666666
article_0950,16,0.5771202,0.7494973,1.0,0.4375,61.875,15.46875
article_0763,56,0.5768108,0.7969992,1.0,0.5,56.375,14.09375
article_1518,21,0.5765277,0.84440607,1.0,0.5714285714285714,45.333333333333336,11.567460317460316
article_1528,108,0.5764054,0.6772332,1.0,0.4722222222222222,66.61111111111111,16.658950617283953
article_0345,13,0.5758711,0.78596044,1.0,0.46153846153846156,41.15384615384615,10.288461538461538
article_0110,15,0.57499766,0.8264673,1.0,0.5333333333333333,68.13333333333334,17.033333333333335
article_1074,17,0.5747055,0.7845405,1.0,0.47058823529411764,47.94117647058823,11.985294117647058
article_1147,13,0.573951,0.7248264,1.0,0.46153846153846156,40.84615384615385,10.262820512820513
article_0957,15,0.5734319,0.5959609,1.0,0.4666666666666667,48.53333333333333,12.133333333333333
article_0972,17,0.57279545,0.8781369,1.0,0.5294117647058824,47.64705882352941,11.911764705882353
article_0441,16,0.5726195,0.7027352,1.0,0.4375,54.4375,13.609375
article_1032,13,0.57204384,0.910899,1.0,0.5384615384615384,59.30769230769231,14.826923076923077
article_1289,41,0.5711679,0.7307855,1.0,0.4634146341463415,47.09756097560975,11.774390243902438
article_0131,15,0.5711673,0.5372414,1.0,0.4666666666666667,43.333333333333336,10.833333333333334
article_1079,28,0.5707961,0.7192616,1.0,0.4642857142857143,53.392857142857146,13.348214285714286
article_0721,45,0.57036614,0.7535002,1.0,0.4444444444444444,50.53333333333333,12.766666666666667
article_0184,8,0.570356,0.68551683,1.0,0.5,56.5,14.645833333333334
article_0390,28,0.5700485,0.7474467,1.0,0.5,66.78571428571429,16.696428571428573
article_0941,11,0.5699194,0.55032396,1.0,0.36363636363636365,79.54545454545455,19.886363636363637
article_1416,14,0.56964797,0.7059474,1.0,0.5,39.142857142857146,9.785714285714286
article_1066,28,0.5692863,0.8418789,1.0,0.5357142857142857,36.82142857142857,9.205357142857142
article_0869,11,0.5687799,0.99820596,1.0,0.5454545454545454,49.09090909090909,12.272727272727273
article_0094,29,0.56867397,0.80465287,1.0,0.5172413793103449,55.724137931034484,13.931034482758621
article_1379,20,0.5681387,0.771618,1.0,0.5,35.6,8.9
article_0454,12,0.56783146,0.6593822,0.9999999,0.4166666666666667,50.75,12.6875
article_1510,17,0.5665401,0.6114606,1.0,0.4117647058823529,38.0,9.5
article_0511,36,0.5656127,0.6771091,1.0,0.5,45.22222222222222,11.305555555555555
article_0145,16,0.56477433,0.6887337,1.0,0.5,31.6875,7.921875
article_1474,34,0.5641463,0.59319794,1.0,0.47058823529411764,35.088235294117645,8.772058823529411
article_1062,16,0.56405956,0.73703355,1.0,0.4375,45.6875,11.421875
article_0248,12,0.5640083,0.67783904,1.0,0.5,41.75,10.4375
article_1276,11,0.56379545,0.7717765,1.0,0.45454545454545453,48.18181818181818,12.045454545454545
article_0850,19,0.5635132,0.7693783,1.0,0.47368421052631576,34.63157894736842,8.675438596491228
article_1247,20,0.5635036,0.6956929,1.0,0.45,50.45,12.6125
article_0836,17,0.5634063,0.9302734,1.0,0.5294117647058824,56.1764705882353,14.044117647058824
article_0731,13,0.5631347,0.44377714,1.0,0.46153846153846156,56.84615384615385,14.666666666666666
article_0776,9,0.56186444,0.5306961,1.0,0.4444444444444444,64.22222222222223,16.055555555555557
article_1591,18,0.56015646,0.7358523,1.0,0.5,41.27777777777778,10.319444444444445
article_1258,12,0.5598839,0.8351078,1.0,0.5,60.416666666666664,15.631944444444445
article_1081,26,0.5584118,0.60378456,1.0,0.46153846153846156,50.34615384615385,12.586538461538462
article_0806,9,0.5581168,0.88606554,0.9999999,0.5555555555555556,56.666666666666664,14.166666666666666
article_0903,13,0.55796236,0.5788569,1.0,0.38461538461538464,48.84615384615385,12.493589743589743
article_0363,34,0.5565116,0.5088694,1.0,0.47058823529411764,79.02941176470588,19.75735294117647
article_1405,22,0.5562283,0.6033875,1.0,0.45454545454545453,38.27272727272727,9.568181818181818
article_0742,80,0.55574054,0.63270706,1.0,0.4625,55.3875,13.846875
article_1180,19,0.5538949,0.72428185,1.0,0.42105263157894735,60.421052631578945,15.171052631578947
article_0293,95,0.55377793,0.6097024,1.0,0.45263157894736844,51.77894736842105,13.043859649122808
article_0033,27,0.5535899,0.51975435,1.0,0.4074074074074074,48.22222222222222,12.070987654320989
article_0465,17,0.55274147,0.44549927,1.0,0.47058823529411764,41.64705882352941,10.411764705882353
article_0470,19,0.5524624,0.75059664,1.0,0.42105263157894735,37.94736842105263,9.657894736842104
article_0748,19,0.55198693,0.6239697,1.0,0.47368421052631576,34.68421052631579,8.671052631578947
article_0362,26,0.55162555,0.6305686,1.0,0.5,71.57692307692308,17.89423076923077
article_0379,31,0.5514982,0.44075918,1.0,0.4838709677419355,61.70967741935484,15.42741935483871
article_1245,14,0.5509496,0.69459236,1.0,0.5,50.642857142857146,13.011904761904761
article_1587,18,0.5509443,0.64389503,1.0,0.5,31.444444444444443,7.944444444444445
article_0752,21,0.55082774,0.69100755,1.0,0.42857142857142855,41.23809523809524,10.30952380952381
article_1277,19,0.5499031,0.6102188,1.0,0.3684210526315789,32.578947368421055,8.267543859649123
article_1592,28,0.54851276,0.5935884,1.0,0.42857142857142855,39.892857142857146,9.973214285714286
article_0372,6,0.54805547,0.5695474,1.0,0.5,72.33333333333333,18.083333333333332
article_1480,8,0.54782474,0.57288283,1.0,0.5,90.5,23.4375
article_1016,18,0.5456017,0.57195693,1.0,0.4444444444444444,34.77777777777778,8.694444444444445
article_1421,19,0.5452469,0.6112577,1.0,0.47368421052631576,36.36842105263158,9.092105263157896
article_0290,15,0.5444632,0.4576534,1.0,0.4666666666666667,70.33333333333333,17.583333333333332
article_1623,46,0.5442917,0.52331114,1.0,0.41304347826086957,44.45652173913044,11.11413043478261
article_0412,64,0.54375845,0.6041151,1.0,0.390625,67.71875,16.9296875
article_0443,14,0.542634,0.40363702,1.0,0.42857142857142855,40.785714285714285,10.196428571428571
article_0354,23,0.542585,0.595193,1.0,0.43478260869565216,41.69565217391305,10.423913043478262
article_1567,54,0.54238725,0.5056951,1.0,0.4444444444444444,46.48148148148148,11.62037037037037
article_1471,12,0.54233414,0.7171165,1.0,0.3333333333333333,66.16666666666667,16.97222222222222
article_0709,15,0.54200596,0.53022254,1.0,0.4666666666666667,52.46666666666667,13.116666666666667
article_1117,27,0.54182637,0.8064151,1.0,0.5185185185185185,52.888888888888886,13.222222222222221
article_0200,11,0.5413155,0.62262064,1.0,0.45454545454545453,66.27272727272727,16.568181818181817
article_1584,48,0.5412615,0.5551399,1.0,0.4166666666666667,27.333333333333332,6.833333333333333
article_0113,15,0.54115266,0.5957663,1.0,0.4666666666666667,39.2,9.8
article_0435,11,0.5405349,0.7520352,1.0,0.45454545454545453,60.81818181818182,15.204545454545455
article_0597,49,0.54052836,0.5830652,1.0,0.42857142857142855,37.53061224489796,9.38265306122449
article_0437,26,0.5394517,0.5349302,1.0,0.46153846153846156,41.76923076923077,10.58974358974359
article_1558,32,0.5386705,0.5580174,1.0,0.28125,46.0,11.5
article_0205,60,0.537667,0.60933775,1.0,0.48333333333333334,92.15,23.0375
article_1598,24,0.53750306,0.5971708,1.0,0.5,45.541666666666664,11.385416666666666
article_0938,16,0.5364851,0.60628986,1.0,0.375,65.4375,16.359375
article_0341,10,0.53624403,0.57487226,0.99999994,0.5,68.7,17.175
article_0551,21,0.5353729,0.66480035,1.0,0.38095238095238093,28.666666666666668,7.166666666666667
article_1420,18,0.5345013,0.5439809,1.0,0.5,34.333333333333336,8.583333333333334
article_0257,57,0.53416765,0.44038707,1.0,0.43859649122807015,34.45614035087719,8.635964912280702
article_0977,37,0.533988,0.61277485,1.0,0.35135135135135137,64.48648648648648,16.12162162162162
article_0105,17,0.53352505,0.44031402,1.0,0.4117647058823529,41.94117647058823,10.485294117647058
article_0107,10,0.53347,0.5645033,1.0,0.5,57.4,14.35
article_1077,20,0.5331,0.5706383,0.99999964,0.4,51.6,12.9
article_0462,6,0.5328904,0.46057102,0.99999785,0.3333333333333333,55.0,14.097222222222221
article_0849,21,0.5321727,0.6195697,1.0,0.3333333333333333,34.666666666666664,8.730158730158731
article_1299,24,0.5315905,0.49488902,1.0,0.3333333333333333,42.416666666666664,10.604166666666666
article_0745,58,0.5312152,0.55914825,1.0,0.41379310344827586,36.55172413793103,9.137931034482758
article_0212,13,0.5311236,0.36938542,1.0,0.38461538461538464,65.46153846153847,16.410256410256412
article_1601,34,0.53079104,0.6098815,1.0,0.47058823529411764,49.294117647058826,12.323529411764707
article_1034,55,0.5301035,0.6501037,1.0,0.4727272727272727,39.2,9.8
article_0937,11,0.5295275,0.7353472,1.0,0.45454545454545453,71.27272727272727,18.28030303030303
article_0161,33,0.52935416,0.56626725,1.0,0.36363636363636365,25.242424242424242,6.3106060606060606
article_0660,42,0.52876824,0.49044114,1.0,0.38095238095238093,57.976190476190474,14.494047619047619
article_1351,19,0.5279576,0.5190469,1.0,0.42105263157894735,37.05263157894737,9.263157894736842
article_0702,8,0.5247393,0.53381443,1.0,0.375,82.75,20.6875
article_1560,63,0.52473354,0.4746952,1.0,0.3968253968253968,34.12698412698413,8.531746031746032
article_0325,16,0.52469355,0.66512626,1.0,0.5,59.9375,14.984375
article_0469,25,0.5246779,0.4168812,1.0,0.48,40.76,10.2
article_0457,8,0.5243631,0.5303778,0.9999601,0.375,44.0,11.072916666666666
article_1425,27,0.5232192,0.4697441,1.0,0.4444444444444444,34.592592592592595,8.66358024691358
article_0932,30,0.52307236,0.3688829,1.0,0.4,35.06666666666667,8.766666666666667
article_0134,13,0.52148813,0.6221783,1.0,0.3076923076923077,74.46153846153847,18.615384615384617
article_1554,33,0.52126586,0.5963928,1.0,0.3939393939393939,30.09090909090909,7.5227272727272725
article_0760,55,0.5205219,0.50909984,1.0,0.43636363636363634,39.07272727272727,9.777272727272727
article_0101,28,0.5198817,0.5318174,1.0,0.35714285714285715,55.82142857142857,13.967261904761903
article_0564,30,0.5188669,0.48788717,1.0,0.4,26.066666666666666,6.544444444444445
article_0410,20,0.5184201,0.4532643,1.0,0.4,57.7,14.425
article_0526,15,0.51774824,0.43310592,1.0,0.4,66.46666666666667,16.616666666666667
article_0323,41,0.5175246,0.5984384,1.0,0.43902439024390244,33.707317073170735,8.457317073170731
article_0560,33,0.516792,0.474838,1.0,0.42424242424242425,43.06060606060606,10.765151515151516
article_1534,34,0.51539767,0.3743245,1.0,0.4117647058823529,46.23529411764706,11.654411764705882
article_0167,10,0.5151836,0.5326406,1.0,0.5,41.3,10.325
article_1520,12,0.5143774,0.5281125,1.0,0.5,48.5,12.125
article_1251,14,0.514124,0.5600053,1.0,0.5,55.42857142857143,13.857142857142858
article_1539,39,0.51379263,0.5175532,1.0,0.38461538461538464,84.7948717948718,21.19871794871795
article_1596,15,0.51365507,0.2651915,1.0,0.4666666666666667,35.2,8.8
article_0604,19,0.512636,0.52552366,1.0,0.3684210526315789,57.578947368421055,14.653508771929825
article_0535,23,0.5122338,0.42395732,1.0,0.43478260869565216,32.608695652173914,8.152173913043478
article_1039,23,0.51210934,0.61838514,0.999991,0.391304347826087,60.21739130434783,15.054347826086957
article_0036,23,0.51205474,0.5733243,1.0,0.391304347826087,35.26086956521739,8.815217391304348
article_0310,37,0.5114134,0.54652697,1.0,0.40540540540540543,24.62162162162162,6.177927927927928
article_1046,45,0.51100034,0.37157404,1.0,0.4,29.733333333333334,7.451851851851852
article_1234,22,0.5102757,0.36743242,0.9999874,0.4090909090909091,39.36363636363637,9.840909090909092
article_0921,6,0.510252,0.5207261,1.0,0.5,76.5,19.125
article_0111,22,0.5095841,0.40167278,1.0,0.36363636363636365,45.63636363636363,11.424242424242424
article_0353,23,0.50928545,0.34265697,1.0,0.391304347826087,64.56521739130434,16.141304347826086
article_0656,64,0.5079569,0.47612348,1.0,0.4375,53.671875,13.41796875
article_1118,57,0.5078315,0.46380273,1.0,0.42105263157894735,40.6140350877193,10.153508771929825
article_1341,12,0.50772643,0.5006113,1.0,0.5,54.416666666666664,13.604166666666666
article_0902,18,0.50756323,0.34776276,1.0,0.4444444444444444,28.72222222222222,7.180555555555555
article_0584,14,0.5066444,0.4611798,1.0,0.35714285714285715,46.285714285714285,11.761904761904761
article_1165,21,0.50652343,0.40918246,1.0,0.47619047619047616,49.80952380952381,12.48015873015873
article_0252,21,0.50513715,0.5725924,1.0,0.38095238095238093,43.523809523809526,10.90079365079365
article_0249,31,0.5019574,0.40477642,1.0,0.41935483870967744,34.58064516129032,8.64516129032258
article_1163,17,0.5011353,0.49337938,0.99999994,0.35294117647058826,59.23529411764706,14.808823529411764
article_0504,12,0.49916336,0.389287,1.0,0.4166666666666667,55.333333333333336,13.833333333333334
article_1624,19,0.49893415,0.3364869,1.0,0.42105263157894735,46.31578947368421,11.605263157894736
article_0547,23,0.49842963,0.3152382,1.0,0.43478260869565216,26.82608695652174,6.706521739130435
article_0463,6,0.49782273,0.45479283,1.0,0.5,48.833333333333336,12.305555555555555
article_0342,14,0.4975854,0.26684365,1.0,0.42857142857142855,34.714285714285715,8.678571428571429
article_0127,25,0.49642858,0.33910295,1.0,0.4,33.28,8.32
article_0966,16,0.49619085,0.412654,1.0,0.4375,49.25,12.625
article_0082,11,0.49558592,0.5579975,0.99999726,0.36363636363636365,53.45454545454545,13.363636363636363
article_0394,86,0.49548095,0.47923958,1.0,0.36046511627906974,50.93023255813954,12.732558139534884
article_1595,20,0.49529567,0.26167572,1.0,0.45,43.15,10.8125
article_0178,13,0.49511883,0.4609558,1.0,0.3076923076923077,29.307692307692307,7.326923076923077
article_1045,25,0.49339557,0.28006458,1.0,0.44,32.92,8.23
article_0063,23,0.4933583,0.27015975,1.0,0.43478260869565216,37.08695652173913,9.271739130434783
article_0452,13,0.49238223,0.43559465,1.0,0.38461538461538464,34.0,8.5
article_0753,29,0.49226984,0.41056848,1.0,0.41379310344827586,41.689655172413794,10.422413793103448
article_1437,56,0.49166936,0.31087458,1.0,0.44642857142857145,46.80357142857143,11.700892857142858
article_0315,49,0.49100065,0.30956602,1.0,0.3673469387755102,31.489795918367346,7.892857142857143
article_0541,24,0.4867753,0.33771157,1.0,0.3333333333333333,38.125,9.53125
article_0576,26,0.48611024,0.47030205,1.0,0.34615384615384615,53.07692307692308,13.26923076923077
article_1555,15,0.4861059,0.47531772,1.0,0.4,73.46666666666667,18.366666666666667
article_0930,17,0.48548716,0.33923927,1.0,0.4117647058823529,65.94117647058823,16.485294117647058
article_0201,32,0.48535123,0.34810728,1.0,0.40625,54.28125,13.5859375
article_0686,9,0.48492923,0.45452568,0.99983084,0.3333333333333333,52.44444444444444,13.11111111111111
article_1441,19,0.4846737,0.3001828,1.0,0.42105263157894735,36.421052631578945,9.105263157894736
article_1496,77,0.48414314,0.45533156,1.0,0.37662337662337664,57.883116883116884,14.470779220779221
article_0112,18,0.4838481,0.41668287,1.0,0.3888888888888889,56.77777777777778,14.194444444444445
article_0586,22,0.4837082,0.25113857,1.0,0.4090909090909091,38.18181818181818,9.731060606060607
article_0657,20,0.48328146,0.19380094,1.0,0.45,34.1,8.525
article_1568,37,0.48249012,0.335929,1.0,0.2972972972972973,31.10810810810811,7.8175675675675675
article_1116,32,0.48186648,0.30804163,1.0,0.40625,37.8125,9.453125
article_0794,42,0.481351,0.42150944,1.0,0.3333333333333333,46.69047619047619,11.672619047619047
article_0955,18,0.48053688,0.26615524,1.0,0.3333333333333333,82.0,20.5
article_0887,67,0.48001325,0.32033408,1.0,0.3582089552238806,27.686567164179106,6.927860696517413
article_0946,56,0.4789985,0.38118404,1.0,0.375,37.80357142857143,9.450892857142858
article_1372,22,0.47895095,0.1989801,1.0,0.4090909090909091,32.22727272727273,8.056818181818182
article_0641,11,0.47811607,0.6064134,0.99999636,0.2727272727272727,59.81818181818182,14.954545454545455
article_0349,33,0.4758576,0.45098627,1.0,0.3333333333333333,34.333333333333336,8.623737373737374
article_0540,25,0.47545007,0.29157418,1.0,0.36,33.0,8.25
article_0939,16,0.47531545,0.362922,1.0,0.375,75.5,18.875
article_1293,18,0.474044,0.32404214,0.99997,0.3888888888888889,56.0,14.0
article_0432,19,0.4731413,0.47607794,0.99974084,0.3684210526315789,43.36842105263158,10.960526315789474
article_0562,36,0.47230303,0.40569794,1.0,0.3611111111111111,39.94444444444444,9.98611111111111
article_0309,14,0.4718862,0.2251618,1.0,0.42857142857142855,60.07142857142857,15.017857142857142
article_0552,23,0.4714411,0.17389123,1.0,0.391304347826087,39.130434782608695,9.782608695652174
article_1019,30,0.47006753,0.38107142,1.0,0.3333333333333333,40.1,10.025
article_0900,24,0.46914372,0.3909373,1.0,0.3333333333333333,26.208333333333332,6.552083333333333
article_1438,24,0.4688423,0.30464455,1.0,0.375,27.625,6.9375
article_0843,8,0.46688312,0.26325652,1.0,0.375,48.25,12.0625
article_0004,36,0.46539438,0.23668973,1.0,0.3888888888888889,28.916666666666668,7.229166666666667
article_0440,31,0.4635507,0.34422964,1.0,0.3548387096774194,45.483870967741936,11.370967741935484
article_1402,25,0.4633849,0.22394618,1.0,0.36,33.16,8.29
article_1465,28,0.46208304,0.2990427,1.0,0.35714285714285715,33.892857142857146,8.473214285714286
article_0373,97,0.46172163,0.2960754,1.0,0.35051546391752575,46.28865979381443,11.572164948453608
article_0338,12,0.46132854,0.19115266,1.0,0.4166666666666667,39.833333333333336,10.0625
article_0544,24,0.4611561,0.23815942,1.0,0.375,30.791666666666668,7.697916666666667
article_0851,23,0.4606727,0.38125697,1.0,0.30434782608695654,32.391304347826086,8.097826086956522
article_0852,25,0.4604307,0.32829693,1.0,0.32,25.64,6.41
article_0716,34,0.4601405,0.11822885,1.0,0.38235294117647056,60.8235294117647,15.205882352941176
article_1160,9,0.46001524,0.11143947,1.0,0.4444444444444444,65.44444444444444,16.36111111111111
article_0377,20,0.45956248,0.29889962,1.0,0.35,49.1,12.275
article_0403,37,0.4595404,0.32741818,1.0,0.35135135135135137,85.37837837837837,21.48198198198198
article_0583,25,0.459534,0.28850603,1.0,0.24,38.8,9.7
article_1556,32,0.4592531,0.30962938,1.0,0.3125,55.5,13.875
article_0648,30,0.45777386,0.48300788,1.0,0.3333333333333333,20.433333333333334,5.108333333333333
article_0945,36,0.4572993,0.16753635,1.0,0.3888888888888889,33.47222222222222,8.368055555555555
article_0506,31,0.45405966,0.21223898,1.0,0.3870967741935484,33.516129032258064,8.379032258064516
article_1385,21,0.45375237,0.21735595,1.0,0.3333333333333333,51.57142857142857,12.892857142857142
article_1313,16,0.45225036,0.15872468,1.0,0.375,34.75,8.807291666666666
article_0475,19,0.4518927,0.27461055,1.0,0.3157894736842105,43.68421052631579,10.921052631578947
article_0599,63,0.45154676,0.2719562,1.0,0.38095238095238093,32.04761904761905,8.011904761904763
article_0393,9,0.45142618,0.5960367,0.9999997,0.2222222222222222,83.55555555555556,20.88888888888889
article_0538,42,0.45024413,0.1772053,1.0,0.38095238095238093,40.57142857142857,10.142857142857142
article_0737,40,0.4498008,0.28425562,1.0,0.325,34.25,8.56875
article_0951,16,0.44836625,0.26662374,1.0,0.3125,53.375,13.34375
article_0106,19,0.4479228,0.32953906,1.0,0.2631578947368421,49.89473684210526,12.473684210526315
article_1435,27,0.44756055,0.21646674,1.0,0.3333333333333333,23.555555555555557,5.888888888888889
article_0747,19,0.44744706,0.23804715,1.0,0.3684210526315789,47.0,11.75
article_0503,36,0.44654763,0.1349597,1.0,0.3888888888888889,35.27777777777778,8.844907407407408
article_0237,184,0.44652432,0.31468529,1.0,0.32608695652173914,35.891304347826086,8.972826086956522
article_1306,27,0.44532293,0.28967023,1.0,0.3333333333333333,35.55555555555556,8.88888888888889
article_0076,13,0.44526115,0.15818714,0.99999976,0.38461538461538464,48.84615384615385,12.211538461538462
article_0959,12,0.4436941,0.117335275,1.0,0.4166666666666667,45.833333333333336,11.458333333333334
article_0039,33,0.4434546,0.23995687,1.0,0.30303030303030304,33.45454545454545,8.363636363636363
article_1065,30,0.4419239,0.20598297,1.0,0.36666666666666664,37.0,9.25
article_1513,9,0.4416366,0.44613838,1.0,0.3333333333333333,57.0,14.25
article_0312,8,0.4395586,0.36475885,1.0,0.25,57.625,15.1875
article_1013,45,0.43881887,0.25398093,1.0,0.3111111111111111,26.4,6.6
article_0513,29,0.43744227,0.22247341,1.0,0.3448275862068966,27.103448275862068,6.775862068965517
article_1566,27,0.43729624,0.28054452,1.0,0.2962962962962963,37.96296296296296,9.49074074074074
article_1423,14,0.4361616,0.19112517,1.0,0.35714285714285715,40.785714285714285,10.261904761904761
article_0308,12,0.43573102,0.29249072,1.0,0.3333333333333333,49.583333333333336,12.395833333333334
article_1529,31,0.43540084,0.1494595,1.0,0.3548387096774194,54.483870967741936,13.620967741935484
article_0722,28,0.43474296,0.18593049,1.0,0.39285714285714285,48.82142857142857,12.205357142857142
article_0258,29,0.43430033,0.098821215,1.0,0.3448275862068966,29.689655172413794,7.5
article_0436,18,0.433478,0.25656217,0.9999998,0.3333333333333333,47.55555555555556,12.0
article_1286,30,0.433433,0.18452144,1.0,0.36666666666666664,41.1,10.275
article_0245,60,0.43302953,0.10254517,1.0,0.35,39.68333333333333,9.920833333333333
article_1168,31,0.43273857,0.29042503,1.0,0.2903225806451613,36.70967741935484,9.17741935483871
article_0054,22,0.4326702,0.18181515,1.0,0.36363636363636365,34.68181818181818,8.693181818181818
article_1565,39,0.43217063,0.19900858,1.0,0.358974358974359,29.846153846153847,7.461538461538462
article_0521,83,0.43200216,0.28128773,1.0,0.30120481927710846,46.83132530120482,11.707831325301205
article_0250,100,0.43102714,0.21816526,1.0,0.31,48.06,12.015
article_0041,74,0.42992428,0.26172873,0.99999946,0.3108108108108108,46.432432432432435,11.608108108108109
article_1578,50,0.42898366,0.29202557,1.0,0.3,40.74,10.185
article_0333,13,0.42708194,0.19357319,1.0,0.38461538461538464,53.38461538461539,13.346153846153847
article_1599,25,0.42674538,0.32079217,1.0,0.36,38.84,9.71
article_0090,90,0.42500275,0.24880579,1.0,0.3111111111111111,70.94444444444444,17.73611111111111
article_0669,19,0.42440745,0.23711078,1.0,0.21052631578947367,37.526315789473685,9.381578947368421
article_0793,73,0.42312935,0.25327757,1.0,0.2328767123287671,58.78082191780822,14.695205479452055
article_0343,22,0.42285693,0.20284432,1.0,0.2727272727272727,30.954545454545453,7.738636363636363
article_1564,15,0.42088804,0.15681686,1.0,0.26666666666666666,59.0,14.75
article_0948,17,0.42045423,0.24087058,1.0,0.29411764705882354,46.23529411764706,11.558823529411764
article_0797,13,0.42027694,0.22935778,1.0,0.3076923076923077,35.92307692307692,9.102564102564102
article_0713,47,0.41995868,0.30122593,1.0,0.2553191489361702,22.97872340425532,5.74468085106383
article_1550,55,0.41914627,0.16777751,1.0,0.2909090909090909,45.054545454545455,11.289393939393939
article_1295,41,0.4186171,0.16383593,1.0,0.3170731707317073,34.09756097560975,8.524390243902438
article_1284,23,0.41814053,0.13846321,1.0,0.34782608695652173,48.65217391304348,12.16304347826087
article_0756,30,0.41721106,0.17176315,1.0,0.3,30.433333333333334,7.625
article_1144,22,0.41717017,0.32803294,1.0,0.3181818181818182,34.90909090909091,8.727272727272727
article_0089,49,0.4168162,0.3050306,1.0,0.30612244897959184,79.59183673469387,19.897959183673468
article_0109,46,0.4153473,0.2622169,1.0,0.2391304347826087,29.717391304347824,7.429347826086956
article_1302,24,0.41162276,0.16017188,1.0,0.3333333333333333,36.625,9.15625
article_1381,30,0.41036683,0.31675506,1.0,0.23333333333333334,36.6,9.15
article_1328,31,0.4083929,0.20545217,1.0,0.2903225806451613,28.903225806451612,7.239247311827957
article_0313,32,0.40837651,0.14988503,1.0,0.3125,38.34375,9.815104166666666
article_1300,28,0.40794253,0.19919765,1.0,0.2857142857142857,45.142857142857146,11.285714285714286
article_0561,43,0.40762827,0.28515413,1.0,0.20930232558139536,34.55813953488372,8.63953488372093
article_0102,68,0.40696213,0.17158434,1.0,0.3382352941176471,45.64705882352941,11.448529411764707
article_1315,26,0.40586743,0.22382239,1.0,0.2692307692307692,28.76923076923077,7.201923076923077
article_0699,34,0.40536335,0.118929505,1.0,0.3235294117647059,32.0,8.019607843137255
article_0533,30,0.40506947,0.179418,1.0,0.3333333333333333,34.06666666666667,8.516666666666667
article_1333,16,0.40492463,0.23097381,1.0,0.25,28.6875,7.171875
article_1044,24,0.402248,0.28752515,0.99999994,0.20833333333333334,44.041666666666664,11.010416666666666
article_1292,31,0.40180466,0.23651625,1.0,0.25806451612903225,60.0,15.0
article_0071,8,0.40143,0.31170234,0.98564446,0.25,58.875,14.71875
article_1383,13,0.398232,0.25409737,1.0,0.3076923076923077,45.69230769230769,11.423076923076923
article_1298,25,0.3976034,0.14214091,1.0,0.32,37.76,9.44
article_0969,49,0.3969298,0.20444804,0.99999267,0.2857142857142857,41.673469387755105,10.418367346938776
article_0510,35,0.39639354,0.14723243,1.0,0.34285714285714286,26.914285714285715,6.742857142857143
article_1305,12,0.39420828,0.10508385,1.0,0.3333333333333333,30.583333333333332,7.645833333333333
article_0598,70,0.39401913,0.22981694,1.0,0.22857142857142856,43.41428571428571,10.853571428571428
article_0476,19,0.39380634,0.15700334,1.0,0.3157894736842105,35.10526315789474,8.776315789473685
article_1373,13,0.39306274,0.13327031,1.0,0.3076923076923077,43.61538461538461,10.903846153846153
article_1403,47,0.39027137,0.15269509,1.0,0.2978723404255319,39.8936170212766,9.97340425531915
article_1552,40,0.3902161,0.1990385,1.0,0.275,30.875,7.80625
article_1415,18,0.38985652,0.27720562,1.0,0.2777777777777778,40.666666666666664,10.166666666666666
article_1038,62,0.38933253,0.15449035,1.0,0.25806451612903225,42.91935483870968,10.72983870967742
article_0566,78,0.3884482,0.17883979,1.0,0.2692307692307692,37.91025641025641,9.477564102564102
article_1406,25,0.38835758,0.122798905,0.99999475,0.32,42.92,10.73
article_0593,41,0.38372874,0.14170685,1.0,0.3170731707317073,21.926829268292682,5.495934959349594
article_0281,132,0.38181382,0.20517874,1.0,0.23484848484848486,21.083333333333332,5.270833333333333
article_0632,36,0.38049206,0.070466235,0.9999999,0.2777777777777778,67.72222222222223,17.08564814814815
article_0091,38,0.37966576,0.12554322,1.0,0.2894736842105263,64.57894736842105,16.153508771929825
article_0723,69,0.37869477,0.15435833,1.0,0.2463768115942029,49.52173913043478,12.380434782608695
article_0694,52,0.3776932,0.11304082,1.0,0.2692307692307692,23.865384615384617,5.966346153846154
article_1239,23,0.3773199,0.17114846,1.0,0.30434782608695654,28.347826086956523,7.108695652173913
article_0975,54,0.37540963,0.14742248,1.0,0.25925925925925924,38.092592592592595,9.523148148148149
article_1022,15,0.37363178,0.10708348,1.0,0.2,42.06666666666667,10.738888888888889
article_1506,32,0.3724953,0.102551155,0.9999998,0.3125,79.59375,20.143229166666668
article_0283,50,0.37195042,0.11967685,1.0,0.26,70.22,17.555
article_0429,39,0.37160093,0.041049622,1.0,0.3076923076923077,36.46153846153846,9.115384615384615
article_0546,35,0.36874276,0.07122416,1.0,0.3142857142857143,28.057142857142857,7.014285714285714
article_1504,43,0.36612827,0.1785115,1.0,0.2558139534883721,48.7906976744186,12.19767441860465
article_1612,23,0.3644224,0.10524001,1.0,0.30434782608695654,30.956521739130434,7.739130434782608
article_1502,19,0.36437562,0.068315096,1.0,0.2631578947368421,34.10526315789474,8.552631578947368
article_0092,50,0.36364597,0.18445452,1.0,0.24,39.2,9.8
article_1622,38,0.36277902,0.14529079,1.0,0.2631578947368421,31.210526315789473,7.802631578947368
article_0557,39,0.36070883,0.16139212,1.0,0.28205128205128205,39.30769230769231,9.826923076923077
article_0636,49,0.36055556,0.063938774,1.0,0.30612244897959184,51.244897959183675,12.811224489795919
article_0659,51,0.3592848,0.16014795,1.0,0.19607843137254902,48.490196078431374,12.122549019607844
article_0536,37,0.35872108,0.073320396,1.0,0.2972972972972973,25.91891891891892,6.47972972972973
article_0719,60,0.35843176,0.13447145,1.0,0.23333333333333334,60.18333333333333,15.045833333333333
article_0038,33,0.35826206,0.17888944,1.0,0.24242424242424243,42.60606060606061,10.671717171717173
article_1400,22,0.3551568,0.14840187,1.0,0.2727272727272727,33.59090909090909,8.397727272727273
article_0296,115,0.3545521,0.09251242,1.0,0.2608695652173913,37.92173913043478,9.535507246376811
article_1291,28,0.35399106,0.18225382,1.0,0.21428571428571427,58.67857142857143,14.669642857142858
article_0301,54,0.35288528,0.11802317,0.9999999,0.2962962962962963,65.0,16.25
article_1617,44,0.35265437,0.12726402,1.0,0.22727272727272727,35.90909090909091,8.977272727272727
article_0947,47,0.35033387,0.14738047,1.0,0.23404255319148937,38.48936170212766,9.622340425531915
article_0491,39,0.34977084,0.04491718,1.0,0.28205128205128205,19.94871794871795,4.987179487179487
article_0492,76,0.34904942,0.08834037,1.0,0.27631578947368424,41.85526315789474,10.467105263157896
article_0645,32,0.3488226,0.16641486,1.0,0.25,68.90625,17.2265625
article_0099,45,0.3484593,0.07988478,1.0,0.26666666666666666,44.24444444444445,11.061111111111112
article_0375,107,0.3459224,0.13842456,1.0,0.205607476635514,48.08411214953271,12.021028037383177
article_1287,22,0.34517696,0.071107775,1.0,0.2727272727272727,39.68181818181818,9.958333333333334
article_1119,27,0.3429344,0.08481614,1.0,0.2222222222222222,36.51851851851852,9.145061728395062
article_0578,25,0.34273502,0.19498879,1.0,0.2,30.8,7.7
article_1297,31,0.34158593,0.06189641,1.0,0.25806451612903225,24.516129032258064,6.129032258064516
article_0279,118,0.34064016,0.13872167,1.0,0.211864406779661,47.440677966101696,11.860169491525424
article_1376,24,0.33988178,0.12201738,1.0,0.20833333333333334,49.916666666666664,12.479166666666666
article_0294,80,0.33840784,0.060233403,1.0,0.2625,34.6375,8.659375
article_0974,47,0.3357787,0.114938915,0.9999998,0.1702127659574468,30.851063829787233,7.712765957446808
article_1378,31,0.33499387,0.14275041,1.0,0.25806451612903225,38.483870967741936,9.634408602150538
article_1575,16,0.33348498,0.09471509,1.0,0.25,31.0625,7.765625
article_0302,49,0.33156937,0.07600305,1.0,0.24489795918367346,75.75510204081633,19.018707482993197
article_1058,13,0.3313635,0.17255451,1.0,0.23076923076923078,47.23076923076923,11.807692307692308
article_0088,38,0.32953843,0.12517889,1.0,0.21052631578947367,23.973684210526315,5.993421052631579
article_1523,28,0.3251079,0.04888668,1.0,0.21428571428571427,37.75,9.485119047619047
article_0218,30,0.32285622,0.055499233,1.0,0.26666666666666666,37.166666666666664,9.291666666666666
article_1401,32,0.31769884,0.06386866,1.0,0.25,28.28125,7.0703125
article_1020,116,0.3139393,0.04204794,1.0,0.25,32.60344827586207,8.153735632183908
article_0133,12,0.31371063,0.1364618,1.0,0.08333333333333333,58.0,14.555555555555555
article_0653,69,0.31150118,0.09341505,1.0,0.21739130434782608,30.36231884057971,7.590579710144928
article_0740,40,0.30948615,0.087187305,1.0,0.225,29.75,7.4375
article_0637,43,0.30679134,0.07681038,0.9999957,0.2558139534883721,40.51162790697674,10.137596899224807
article_0934,39,0.30570513,0.08654636,1.0,0.20512820512820512,47.56410256410256,11.89102564102564
article_0605,72,0.3052875,0.11056785,1.0,0.1388888888888889,30.194444444444443,7.548611111111111
article_0366,193,0.30508727,0.06767488,1.0,0.22797927461139897,39.67357512953368,9.91839378238342
article_1489,74,0.30431393,0.075881034,1.0,0.17567567567567569,80.36486486486487,20.122747747747745
article_0856,29,0.3026579,0.11721482,1.0,0.20689655172413793,27.82758620689655,6.956896551724138
article_1054,16,0.30256018,0.1364691,0.99992746,0.1875,42.125,10.53125
article_0285,108,0.29865593,0.072714195,1.0,0.17592592592592593,29.675925925925927,7.479938271604938
article_0260,64,0.29666623,0.06246754,1.0,0.203125,46.359375,11.58984375
article_1519,98,0.29635268,0.08472901,1.0,0.19387755102040816,39.826530612244895,9.956632653061224
article_0662,70,0.29561383,0.08162763,1.0,0.15714285714285714,32.871428571428574,8.222619047619048
article_0655,35,0.2937073,0.069473706,1.0,0.2,19.514285714285716,4.878571428571429
article_0096,57,0.29299045,0.06958976,1.0,0.17543859649122806,30.473684210526315,7.625730994152047
article_0085,13,0.29027596,0.052167468,1.0,0.23076923076923078,57.84615384615385,14.461538461538462
article_0970,61,0.29009086,0.11223362,1.0,0.16393442622950818,49.950819672131146,12.487704918032787
article_1472,45,0.28550154,0.050374772,0.9995305,0.17777777777777778,64.71111111111111,16.316666666666666
article_0761,89,0.27919805,0.11774159,1.0,0.14606741573033707,47.29213483146067,11.823033707865168
article_1053,14,0.2733288,0.07043408,0.9997755,0.21428571428571427,73.0,18.273809523809526
article_0263,25,0.2726206,0.06669203,1.0,0.2,31.76,7.996666666666666
article_0274,98,0.27016357,0.087352954,1.0,0.17346938775510204,42.04081632653061,10.510204081632653
article_0668,50,0.26531088,0.045616962,1.0,0.22,19.84,4.966666666666667
article_0314,55,0.25393286,0.064970195,1.0,0.2,23.490909090909092,5.959090909090909
article_0725,131,0.24998578,0.07185577,1.0,0.1450381679389313,49.778625954198475,12.444656488549619
article_0626,103,0.24979864,0.05572852,1.0,0.17475728155339806,34.398058252427184,8.602750809061488
article_1151,18,0.24918586,0.06731409,1.0,0.16666666666666666,32.111111111111114,8.027777777777779
article_0311,28,0.24582207,0.025994543,1.0,0.17857142857142858,37.714285714285715,9.428571428571429
article_1468,16,0.23964702,0.019373998,0.95458937,0.125,46.375,11.640625
article_0209,42,0.2351578,0.08690319,1.0,0.09523809523809523,33.0,8.25
article_1467,109,0.187337,0.03288698,1.0,0.09174311926605505,26.844036697247706,6.7110091743119265
article_0802,6,0.12500304,0.018972,0.54023296,0.0,30.166666666666668,7.541666666666667
article_1517,14,0.08806797,0.012485121,0.99999046,0.07142857142857142,75.64285714285714,18.910714285714285
article_0683,71,0.045622516,0.009168194,0.9986351,0.014084507042253521,61.19718309859155,15.320422535211268
article_1134,10,0.019007953,0.010470772,0.060260918,0.0,70.1,17.525
